message_id,clean_title,raw_title,minister,date,duration,file_size,telegram_url
3,Dominion of Sin and Death,Niyi Adetiloye – Dominion of Sin and Death,Niyi Adetiloye,20.12.2019 08:17:07 UTC+01:00,1:03:23,14.5 MB,https://t.me/WeAreTDCI/3
4,Freedom from the Law,Niyi Adetiloye – Freedom from the Law,Niyi Adetiloye,20.12.2019 08:17:07 UTC+01:00,1:11:20,16.3 MB,https://t.me/WeAreTDCI/4
5,The Effects of Sin Consciousness,Niyi Adetiloye – The Effects of Sin Consciousness,Niyi Adetiloye,20.12.2019 08:17:07 UTC+01:00,51:26,11.7 MB,https://t.me/WeAreTDCI/5
6,The Nature of Our Justification,Niyi Adetiloye – The Nature of Our Justification,Niyi Adetiloye,20.12.2019 08:17:07 UTC+01:00,1:08:39,15.7 MB,https://t.me/WeAreTDCI/6
7,The Technology of The Law of The Spirit of Life,Niyi Adetiloye – The Technology of The Law of The Spirit of Life,Niyi Adetiloye,20.12.2019 08:17:07 UTC+01:00,1:12:31,16.6 MB,https://t.me/WeAreTDCI/7
8,Understanding Salvation according to Romans - Part 2,Niyi Adetiloye – Understanding Salvation according to Romans - Part 2,Niyi Adetiloye,20.12.2019 08:17:07 UTC+01:00,1:07:41,15.5 MB,https://t.me/WeAreTDCI/8
9,Salvation in the Book of Romans 2,Niyi Adetiloye – Salvation in the Book of Romans 2,Niyi Adetiloye,20.12.2019 08:17:07 UTC+01:00,1:09:25,15.8 MB,https://t.me/WeAreTDCI/9
10,The Kingdom of God - I,Niyi Adetiloye – The Kingdom of God - I,Niyi Adetiloye,20.12.2019 08:17:08 UTC+01:00,1:32:24,37.0 MB,https://t.me/WeAreTDCI/10
11,The Kingdom of God - II,Niyi Adetiloye – The Kingdom of God - II,Niyi Adetiloye,20.12.2019 08:17:08 UTC+01:00,2:49:49,68.0 MB,https://t.me/WeAreTDCI/11
12,The Kingdom of God - III,Niyi Adetiloye – The Kingdom of God - III,Niyi Adetiloye,20.12.2019 08:17:08 UTC+01:00,3:06:24,64.0 MB,https://t.me/WeAreTDCI/12
13,The Kingdom of God - IV,Niyi Adetiloye – The Kingdom of God - IV,Niyi Adetiloye,20.12.2019 08:17:08 UTC+01:00,1:19:44,27.3 MB,https://t.me/WeAreTDCI/13
14,The Centrality of Christ - 1,Niyi Adetiloye – The Centrality of Christ - 1,Niyi Adetiloye,20.12.2019 08:17:08 UTC+01:00,1:25:16,29.2 MB,https://t.me/WeAreTDCI/14
15,The Centrality of Christ - 2,Kunle Olusoji – The Centrality of Christ - 2,Kunle Olusoji,20.12.2019 08:17:08 UTC+01:00,58:20,20.0 MB,https://t.me/WeAreTDCI/15
16,The Centrality of Christ - 3,Niyi Adetiloye – The Centrality of Christ - 3,Niyi Adetiloye,20.12.2019 08:17:08 UTC+01:00,52:05,17.8 MB,https://t.me/WeAreTDCI/16
17,The Centrality of Christ - 4,Niyi Adetiloye – The Centrality of Christ - 4,Niyi Adetiloye,20.12.2019 08:17:08 UTC+01:00,47:47,16.4 MB,https://t.me/WeAreTDCI/17
18,The Role of Christ - 1,Kunle Olusoji – The Role of Christ - 1,Kunle Olusoji,20.12.2019 08:17:08 UTC+01:00,1:02:56,21.6 MB,https://t.me/WeAreTDCI/18
19,The Role of Christ - 2,Niyi Adetiloye – The Role of Christ - 2,Niyi Adetiloye,20.12.2019 08:17:08 UTC+01:00,56:52,19.5 MB,https://t.me/WeAreTDCI/19
20,The Role of Christ - 3,Kunle Olusoji – The Role of Christ - 3,Kunle Olusoji,20.12.2019 08:17:08 UTC+01:00,1:00:22,20.7 MB,https://t.me/WeAreTDCI/20
21,The Role of Christ - 4,Prophet Kunle Olusoji – The Role of Christ - 4,Kunle Olusoji,20.12.2019 08:17:08 UTC+01:00,48:22,16.6 MB,https://t.me/WeAreTDCI/21
22,Keys to Walking in Spiritual Power. Part 1,Niyi Adetiloye – Keys to Walking in Spiritual Power. Part 1,Niyi Adetiloye,20.12.2019 08:17:08 UTC+01:00,1:20:28,18.4 MB,https://t.me/WeAreTDCI/22
23,Keys to Walking in Spiritual Power. Part 2,Niyi Adetiloye – Keys to Walking in Spiritual Power. Part 2,Niyi Adetiloye,20.12.2019 08:17:08 UTC+01:00,57:50,13.2 MB,https://t.me/WeAreTDCI/23
24,Keys to Walking In Spiritual Power - 3,Niyi Adetiloye – Keys to Walking In Spiritual Power - 3,Niyi Adetiloye,20.12.2019 08:17:08 UTC+01:00,2:23:34,32.8 MB,https://t.me/WeAreTDCI/24
25,Keys to Walking In Spiritual Power - Part 4,Niyi Adetiloye – Keys to Walking In Spiritual Power - Part 4,Niyi Adetiloye,20.12.2019 08:17:08 UTC+01:00,1:43:17,23.6 MB,https://t.me/WeAreTDCI/25
26,Keys to Walking In Spiritual Power - Part 5,Niyi Adetiloye – Keys to Walking In Spiritual Power - Part 5,Niyi Adetiloye,20.12.2019 08:17:08 UTC+01:00,1:38:35,22.5 MB,https://t.me/WeAreTDCI/26
27,Keys to Walking In Spiritual Power - Part 6 (Desire),Niyi Adetiloye – Keys to Walking In Spiritual Power - Part 6 (Desire),Niyi Adetiloye,20.12.2019 08:17:08 UTC+01:00,52:36,21.0 MB,https://t.me/WeAreTDCI/27
28,Keys to Walking In Spiritual Power - Part 7 (Desire Continued),Niyi Adetiloye – Keys to Walking In Spiritual Power - Part 7 (Desire Continued),Niyi Adetiloye,20.12.2019 08:17:08 UTC+01:00,1:20:06,27.5 MB,https://t.me/WeAreTDCI/28
29,Keys to Walking in the Power of God. Part 8,Niyi Adetiloye – Keys to Walking in the Power of God. Part 8,Niyi Adetiloye,20.12.2019 08:17:08 UTC+01:00,1:09:28,23.8 MB,https://t.me/WeAreTDCI/29
30,Keys to Walking in the Power of God. Key 3,Niyi Adetiloye – Keys to Walking in the Power of God. Key 3,Niyi Adetiloye,20.12.2019 08:17:08 UTC+01:00,1:41:43,34.9 MB,https://t.me/WeAreTDCI/30
31,The Preparation of Your Spirit Man,Niyi Adetiloye – The Preparation of Your Spirit Man,Niyi Adetiloye,20.12.2019 08:17:08 UTC+01:00,1:49:48,37.7 MB,https://t.me/WeAreTDCI/31
32,Overview of the Church,Niyi Adetiloye – Overview of the Church,Niyi Adetiloye,20.12.2019 08:17:08 UTC+01:00,1:05:42,30.0 MB,https://t.me/WeAreTDCI/32
33,The Church,Niyi Adetiloye – The Church,Niyi Adetiloye,20.12.2019 08:17:08 UTC+01:00,47:19,21.6 MB,https://t.me/WeAreTDCI/33
38,Relative and Maturative Functions of the Church,Niyi Adetiloye – Relative and Maturative Functions of the Church,Niyi Adetiloye,20.12.2019 08:17:08 UTC+01:00,1:00:03,24.0 MB,https://t.me/WeAreTDCI/38
39,Strategies of the Church - II,Niyi Adetiloye – Strategies of the Church - II,Niyi Adetiloye,20.12.2019 08:17:08 UTC+01:00,1:09:46,31.9 MB,https://t.me/WeAreTDCI/39
40,Strategies of the Church,Niyi Adetiloye – Strategies of the Church,Niyi Adetiloye,20.12.2019 08:17:09 UTC+01:00,44:31,17.8 MB,https://t.me/WeAreTDCI/40
41,Discipleship - Strategies of the Church,Niyi Adetiloye – Discipleship - Strategies of the Church,Niyi Adetiloye,20.12.2019 08:17:09 UTC+01:00,1:13:10,29.3 MB,https://t.me/WeAreTDCI/41
42,Understanding the Anointing. Part 2,Niyi Adetiloye – Understanding the Anointing. Part 2,Niyi Adetiloye,20.12.2019 08:17:09 UTC+01:00,2:34:55,62.0 MB,https://t.me/WeAreTDCI/42
47,Navigating By Prophecy,Niyi Adetiloye – Navigating By Prophecy,Niyi Adetiloye,23.12.2019 19:14:34 UTC+01:00,2:03:35,56.5 MB,https://t.me/WeAreTDCI/47
66,Teach Us To Pray,Niyi Adetiloye – Teach Us To Pray,Niyi Adetiloye,08.01.2020 16:37:18 UTC+01:00,1:22:34,28.3 MB,https://t.me/WeAreTDCI/66
68,"Ministries, Offices and Callings - Introduction","Niyi Adetiloye – Ministries, Offices and Callings - Introduction",Niyi Adetiloye,08.01.2020 16:43:27 UTC+01:00,2:05:36,28.7 MB,https://t.me/WeAreTDCI/68
69,Attaining unto Functional Ministry.,Niyi Adetiloye – Attaining unto Functional Ministry.,Niyi Adetiloye,08.01.2020 16:44:33 UTC+01:00,1:27:31,20.0 MB,https://t.me/WeAreTDCI/69
70,Calling,Niyi Adetiloye – Calling,Niyi Adetiloye,08.01.2020 16:45:18 UTC+01:00,1:38:42,22.5 MB,https://t.me/WeAreTDCI/70
71,Dynamics of receiving ministries,Niyi Adetiloye – Dynamics of receiving ministries,Niyi Adetiloye,08.01.2020 16:46:14 UTC+01:00,1:38:37,22.5 MB,https://t.me/WeAreTDCI/71
72,Dynamics of Receiving Ministries. Part 2,Niyi Adetiloye – Dynamics of Receiving Ministries. Part 2,Niyi Adetiloye,08.01.2020 16:46:52 UTC+01:00,2:00:35,27.6 MB,https://t.me/WeAreTDCI/72
73,The Commissioning of Christ's Officers Part 1 Officers Defined,Niyi Adetiloye – The Commissioning of Christ's Officers Part 1 Officers Defined,Niyi Adetiloye,08.01.2020 16:48:04 UTC+01:00,1:29:21,20.4 MB,https://t.me/WeAreTDCI/73
74,The Commissioning of Christ's Officers Part 2 (Ministerial Authority),Niyi Adetiloye – The Commissioning of Christ's Officers Part 2 (Ministerial Authority),Niyi Adetiloye,08.01.2020 16:48:48 UTC+01:00,52:23,12.0 MB,https://t.me/WeAreTDCI/74
75,The Commissioning of Christ's Officers - Part 3 (The Process),Niyi Adetiloye – The Commissioning of Christ's Officers - Part 3 (The Process),Niyi Adetiloye,08.01.2020 16:49:58 UTC+01:00,1:55:14,26.3 MB,https://t.me/WeAreTDCI/75
76,The Commissioning of Christ's Officers. Part 4 (The Anointing And…,Niyi Adetiloye – The Commissioning of Christ's Officers. Part 4 (The Anointing And…,Niyi Adetiloye,08.01.2020 16:50:56 UTC+01:00,1:52:14,25.6 MB,https://t.me/WeAreTDCI/76
77,The Commissioning of Christ's Officer (Consecration Of The Office),Niyi Adetiloye – The Commissioning of Christ's Officer (Consecration Of The Office),Niyi Adetiloye,08.01.2020 16:52:09 UTC+01:00,1:24:01,19.2 MB,https://t.me/WeAreTDCI/77
78,The Mantle and Its Altar,Niyi Adetiloye – The Mantle and Its Altar,Niyi Adetiloye,08.01.2020 16:53:41 UTC+01:00,1:47:32,24.6 MB,https://t.me/WeAreTDCI/78
79,The Various Orders of Mantle Transfer,Niyi Adetiloye – The Various Orders of Mantle Transfer,Niyi Adetiloye,08.01.2020 16:55:18 UTC+01:00,1:53:56,26.0 MB,https://t.me/WeAreTDCI/79
80,The Various Orders of Mantle Transfer - Part 2,Niyi Adetiloye – The Various Orders of Mantle Transfer - Part 2,Niyi Adetiloye,08.01.2020 16:57:06 UTC+01:00,2:07:47,29.2 MB,https://t.me/WeAreTDCI/80
81,Growing in the Mantle,Niyi Adetiloye – Growing in the Mantle,Niyi Adetiloye,08.01.2020 16:57:53 UTC+01:00,1:46:12,24.3 MB,https://t.me/WeAreTDCI/81
82,Growing in the Mantle - Part 2,Niyi Adetiloye – Growing in the Mantle - Part 2,Niyi Adetiloye,08.01.2020 16:59:03 UTC+01:00,1:23:41,19.1 MB,https://t.me/WeAreTDCI/82
84,Interpreting your calling - II (Specific calling of believers),Niyi Adetiloye – Interpreting your calling - II (Specific calling of believers),Niyi Adetiloye,08.01.2020 17:01:47 UTC+01:00,1:38:18,16.8 MB,https://t.me/WeAreTDCI/84
85,Interpreting your calling - II (General calling of believers),Niyi Adetiloye – Interpreting your calling - II (General calling of believers),Niyi Adetiloye,08.01.2020 17:04:00 UTC+01:00,1:17:22,13.2 MB,https://t.me/WeAreTDCI/85
86,Interpreting your calling - III (Progressions in your calling),Niyi Adetiloye – Interpreting your calling - III (Progressions in your calling),Niyi Adetiloye,08.01.2020 17:04:50 UTC+01:00,1:20:50,13.8 MB,https://t.me/WeAreTDCI/86
88,The Necessity of Kingdom Strategy - I,Niyi Adetiloye – The Necessity of Kingdom Strategy - I,Niyi Adetiloye,08.01.2020 17:12:42 UTC+01:00,1:18:47,18.0 MB,https://t.me/WeAreTDCI/88
89,The Necessity of Kingdom Strategy - II,Niyi Adetiloye – The Necessity of Kingdom Strategy - II,Niyi Adetiloye,08.01.2020 17:13:40 UTC+01:00,1:25:52,19.6 MB,https://t.me/WeAreTDCI/89
91,Fervency of Spirit - I,Niyi Adetiloye – Fervency of Spirit - I,Niyi Adetiloye,08.01.2020 17:18:41 UTC+01:00,32:54,5.6 MB,https://t.me/WeAreTDCI/91
92,Fervent Spirit - II (Objections of Fervent Spirit),Niyi Adetiloye – Fervent Spirit - II (Objections of Fervent Spirit),Niyi Adetiloye,08.01.2020 17:19:26 UTC+01:00,1:07:46,11.6 MB,https://t.me/WeAreTDCI/92
93,Fervent Spirit - III (Holy Ghost's Definition),Niyi Adetiloye – Fervent Spirit - III (Holy Ghost's Definition),Niyi Adetiloye,08.01.2020 17:20:38 UTC+01:00,1:19:08,18.1 MB,https://t.me/WeAreTDCI/93
141,The Healing Anointing - I,Niyi Adetiloye – The Healing Anointing - I,Niyi Adetiloye,13.03.2020 18:52:53 UTC+01:00,2:36:58,71.8 MB,https://t.me/WeAreTDCI/141
142,The Healing Anointing - II,Niyi Adetiloye – The Healing Anointing - II,Niyi Adetiloye,13.03.2020 18:55:38 UTC+01:00,1:41:50,46.6 MB,https://t.me/WeAreTDCI/142
143,The Healing Anointing - III,Niyi Adetiloye – The Healing Anointing - III,Niyi Adetiloye,13.03.2020 18:58:59 UTC+01:00,1:50:58,50.8 MB,https://t.me/WeAreTDCI/143
144,The Healing Anointing - IV,Niyi Adetiloye – The Healing Anointing - IV,Niyi Adetiloye,13.03.2020 19:02:58 UTC+01:00,1:47:54,49.4 MB,https://t.me/WeAreTDCI/144
145,Visit www.prayervoice.org/sermons/ to download more messages – Rising Prophets,Visit www.prayervoice.org/sermons/ to download more messages – Rising Prophets,Pastor Niyi Adetiloye,13.03.2020 19:54:23 UTC+01:00,1:36:12,132.1 MB,https://t.me/WeAreTDCI/145
256,Avenues For Healing (Faith Continued) - Part 7,Niyi Adetiloye – Avenues For Healing (Faith Continued) - Part 7,Niyi Adetiloye,26.06.2020 00:09:52 UTC+01:00,2:27:28,67.5 MB,https://t.me/WeAreTDCI/256
260,Avenues For Healing (Faith) - Part 6,Niyi Adetiloye – Avenues For Healing (Faith) - Part 6,Niyi Adetiloye,26.06.2020 14:49:49 UTC+01:00,2:29:58,68.6 MB,https://t.me/WeAreTDCI/260
261,Covenant Conquest,Niyi Adetiloye – Covenant Conquest,Niyi Adetiloye,26.06.2020 14:51:08 UTC+01:00,45:27,20.8 MB,https://t.me/WeAreTDCI/261
262,The Overflow,Niyi Adetiloye – The Overflow,Niyi Adetiloye,26.06.2020 14:52:58 UTC+01:00,59:11,27.1 MB,https://t.me/WeAreTDCI/262
267,The Order Of David (The Rise of A Pure Breed) - Love,Niyi Adetiloye – The Order Of David (The Rise of A Pure Breed) - Love,Niyi Adetiloye,29.06.2020 08:17:01 UTC+01:00,59:47,27.3 MB,https://t.me/WeAreTDCI/267
274,The Order Of David (The Rise of A Pure Breed) - The Pathway of Sacrifice,Jide Olawoyin – The Order Of David (The Rise of A Pure Breed) - The Pathway of Sacrifice,Jide Olawoyin,01.07.2020 06:35:14 UTC+01:00,49:33,22.6 MB,https://t.me/WeAreTDCI/274
285,Visit www.prayervoice.org/sermons/ to download more messages – The Order Of David (The Rise Of A Pure Breed) - Introduction,Visit www.prayervoice.org/sermons/ to download more messages – The Order Of David (The Rise Of A Pure Breed) - Introduction,Pastor Niyi Adetiloye,03.07.2020 22:35:09 UTC+01:00,1:18:29,35.9 MB,https://t.me/WeAreTDCI/285
286,Visit www.prayervoice.org/sermons/ to download more messages – The Order Of David (Rise Of A Pure Breed) - The Overflow - I,Visit www.prayervoice.org/sermons/ to download more messages – The Order Of David (Rise Of A Pure Breed) - The Overflow - I,Pastor Niyi Adetiloye,03.07.2020 22:36:11 UTC+01:00,56:31,25.8 MB,https://t.me/WeAreTDCI/286
287,Visit www.prayervoice.org/sermons/ to download more messages – The Order of David (The Overflow) - II,Visit www.prayervoice.org/sermons/ to download more messages – The Order of David (The Overflow) - II,Pastor Niyi Adetiloye,03.07.2020 22:38:32 UTC+01:00,1:29:07,40.8 MB,https://t.me/WeAreTDCI/287
288,Visit www.prayervoice.org/sermons/ to download more messages – The Order Of David (The Rise of A Pure Breed) - The Pathway of Sacrifice,Visit www.prayervoice.org/sermons/ to download more messages – The Order Of David (The Rise of A Pure Breed) - The Pathway of Sacrifice,Pastor Niyi Adetiloye,03.07.2020 22:40:40 UTC+01:00,49:33,22.6 MB,https://t.me/WeAreTDCI/288
289,Visit www.prayervoice.org/sermons/ to download more messages – The Order Of David (The Rise of A Pure Breed) - Love,Visit www.prayervoice.org/sermons/ to download more messages – The Order Of David (The Rise of A Pure Breed) - Love,Pastor Niyi Adetiloye,03.07.2020 22:43:11 UTC+01:00,59:47,27.3 MB,https://t.me/WeAreTDCI/289
290,Visit www.prayervoice.org/sermons/ to download more messages – Modelling A Blueprint After Nehemiah & David's Building Template,Visit www.prayervoice.org/sermons/ to download more messages – Modelling A Blueprint After Nehemiah & David's Building Template,Pastor Niyi Adetiloye,03.07.2020 22:44:32 UTC+01:00,36:33,16.7 MB,https://t.me/WeAreTDCI/290
291,Visit www.prayervoice.org/sermons/ to download more messages – The Order Of David (The Rise of A Pure Breed) - The Priesthood Order…,Visit www.prayervoice.org/sermons/ to download more messages – The Order Of David (The Rise of A Pure Breed) - The Priesthood Order…,Pastor Niyi Adetiloye,03.07.2020 22:46:48 UTC+01:00,2:34:04,70.5 MB,https://t.me/WeAreTDCI/291
398,Visit www.prayervoice.org/sermons/ to download more messages – The Assignment of The Church to The Nation,Visit www.prayervoice.org/sermons/ to download more messages – The Assignment of The Church to The Nation,Pastor Niyi Adetiloye,25.08.2020 11:48:49 UTC+01:00,1:42:44,41.1 MB,https://t.me/WeAreTDCI/398
399,Visit www.prayervoice.org/sermons/ to download more messages – Prerequisites for Burden Responsibilities,Visit www.prayervoice.org/sermons/ to download more messages – Prerequisites for Burden Responsibilities,Pastor Niyi Adetiloye,25.08.2020 11:54:50 UTC+01:00,1:03:13,25.3 MB,https://t.me/WeAreTDCI/399
400,Visit www.prayervoice.org/sermons/ to download more messages – The Purpose of The Church,Visit www.prayervoice.org/sermons/ to download more messages – The Purpose of The Church,Pastor Niyi Adetiloye,25.08.2020 12:05:15 UTC+01:00,1:36:41,38.7 MB,https://t.me/WeAreTDCI/400
401,Visit www.prayervoice.org/sermons/ to download more messages – Burden and Prayers For The Church,Visit www.prayervoice.org/sermons/ to download more messages – Burden and Prayers For The Church,Pastor Niyi Adetiloye,25.08.2020 12:18:26 UTC+01:00,1:10:43,28.3 MB,https://t.me/WeAreTDCI/401
402,Visit www.prayervoice.org/sermons/ to download more messages – The Building of A Relevant Church,Visit www.prayervoice.org/sermons/ to download more messages – The Building of A Relevant Church,Pastor Niyi Adetiloye,25.08.2020 12:22:38 UTC+01:00,1:45:54,42.4 MB,https://t.me/WeAreTDCI/402
403,Visit www.prayervoice.org/sermons/ to download more messages – Urgency of the Help of God,Visit www.prayervoice.org/sermons/ to download more messages – Urgency of the Help of God,Pastor Niyi Adetiloye,25.08.2020 12:26:02 UTC+01:00,1:21:44,32.7 MB,https://t.me/WeAreTDCI/403
404,Visit www.prayervoice.org/sermons/ to download more messages – Burden and Prayers For The Nation,Visit www.prayervoice.org/sermons/ to download more messages – Burden and Prayers For The Nation,Pastor Niyi Adetiloye,25.08.2020 12:27:31 UTC+01:00,50:08,20.0 MB,https://t.me/WeAreTDCI/404
405,Visit www.prayervoice.org/sermons/ to download more messages – The Cry of the Father's Heart,Visit www.prayervoice.org/sermons/ to download more messages – The Cry of the Father's Heart,Pastor Niyi Adetiloye,25.08.2020 12:29:40 UTC+01:00,1:10:44,28.3 MB,https://t.me/WeAreTDCI/405
406,Visit www.prayervoice.org/sermons/ to download more messages – Strategies For Delivering A Nation,Visit www.prayervoice.org/sermons/ to download more messages – Strategies For Delivering A Nation,Pastor Niyi Adetiloye,25.08.2020 12:32:07 UTC+01:00,1:08:10,27.3 MB,https://t.me/WeAreTDCI/406
407,Visit www.prayervoice.org/sermons/ to download more messages – Passion for Souls,Visit www.prayervoice.org/sermons/ to download more messages – Passion for Souls,Pastor Niyi Adetiloye,25.08.2020 12:33:20 UTC+01:00,35:32,16.2 MB,https://t.me/WeAreTDCI/407
408,Visit www.prayervoice.org/sermons/ to download more messages – Managing A Burden,Visit www.prayervoice.org/sermons/ to download more messages – Managing A Burden,Pastor Niyi Adetiloye,25.08.2020 12:35:15 UTC+01:00,29:26,11.7 MB,https://t.me/WeAreTDCI/408
446,Visit www.prayervoice.org/sermons/ to download more messages – Living By God's Word - II,Visit www.prayervoice.org/sermons/ to download more messages – Living By God's Word - II,Pastor Niyi Adetiloye,11.09.2020 16:02:32 UTC+01:00,2:06:37,50.7 MB,https://t.me/WeAreTDCI/446
470,Visit www.prayervoice.org/sermons/ to download more messages – Unlocking the Power of God's Word,Visit www.prayervoice.org/sermons/ to download more messages – Unlocking the Power of God's Word,Pastor Niyi Adetiloye,25.09.2020 14:40:11 UTC+01:00,2:00:00,48.0 MB,https://t.me/WeAreTDCI/470
499,Visit www.prayervoice.org/sermons/ to download more messages – Introduction,Visit www.prayervoice.org/sermons/ to download more messages – Introduction,Pastor Niyi Adetiloye,19.10.2020 17:08:12 UTC+01:00,1:30:51,36.3 MB,https://t.me/WeAreTDCI/499
500,Visit www.prayervoice.org/sermons/ to download more messages – Mercy and Truth,Visit www.prayervoice.org/sermons/ to download more messages – Mercy and Truth,Pastor Niyi Adetiloye,19.10.2020 17:09:00 UTC+01:00,52:18,20.9 MB,https://t.me/WeAreTDCI/500
501,Visit www.prayervoice.org/sermons/ to download more messages – The Power Of An Endless Life,Visit www.prayervoice.org/sermons/ to download more messages – The Power Of An Endless Life,Pastor Niyi Adetiloye,19.10.2020 17:09:39 UTC+01:00,45:03,18.0 MB,https://t.me/WeAreTDCI/501
502,Visit www.prayervoice.org/sermons/ to download more messages – Manifestations of The Davidic Order,Visit www.prayervoice.org/sermons/ to download more messages – Manifestations of The Davidic Order,Pastor Niyi Adetiloye,19.10.2020 17:10:00 UTC+01:00,20:54,8.3 MB,https://t.me/WeAreTDCI/502
503,Visit www.prayervoice.org/sermons/ to download more messages – The Successions of The Davidic Order,Visit www.prayervoice.org/sermons/ to download more messages – The Successions of The Davidic Order,Pastor Niyi Adetiloye,19.10.2020 17:11:23 UTC+01:00,1:49:08,43.7 MB,https://t.me/WeAreTDCI/503
509,The Rebirth of A Nation,Niyi Adetiloye – The Rebirth of A Nation,Niyi Adetiloye,22.10.2020 11:51:06 UTC+01:00,2:15:46,54.3 MB,https://t.me/WeAreTDCI/509
514,Visit www.prayervoice.org/sermons/ to download more messages – The Peace of God,Visit www.prayervoice.org/sermons/ to download more messages – The Peace of God,Pastor Niyi Adetiloye,29.10.2020 12:08:02 UTC+01:00,2:14:45,53.9 MB,https://t.me/WeAreTDCI/514
525,Visit www.prayervoice.org/sermons/ to download more messages – The Path of Authority,Visit www.prayervoice.org/sermons/ to download more messages – The Path of Authority,Pastor Niyi Adetiloye,30.10.2020 23:26:06 UTC+01:00,2:02:40,49.1 MB,https://t.me/WeAreTDCI/525
543,Visit www.prayervoice.org/sermons/ to download more messages – The Path of Authority - II,Visit www.prayervoice.org/sermons/ to download more messages – The Path of Authority - II,Pastor Niyi Adetiloye,09.11.2020 14:36:28 UTC+01:00,2:05:27,57.4 MB,https://t.me/WeAreTDCI/543
553,Visit www.prayervoice.org/sermons/ to download more messages – Spiritual Identity,Visit www.prayervoice.org/sermons/ to download more messages – Spiritual Identity,Pastor Niyi Adetiloye,13.11.2020 13:57:46 UTC+01:00,2:00:44,55.2 MB,https://t.me/WeAreTDCI/553
559,Visit www.prayervoice.org/sermons/ to download more messages – The Covenant of David,Visit www.prayervoice.org/sermons/ to download more messages – The Covenant of David,Pastor Niyi Adetiloye,17.11.2020 11:55:15 UTC+01:00,2:49:02,77.3 MB,https://t.me/WeAreTDCI/559
560,Visit www.prayervoice.org/sermons/ to download more messages – The Ministry of The Saints in The Last Days,Visit www.prayervoice.org/sermons/ to download more messages – The Ministry of The Saints in The Last Days,Pastor Niyi Adetiloye,17.11.2020 11:56:41 UTC+01:00,46:50,32.4 MB,https://t.me/WeAreTDCI/560
561,Visit www.prayervoice.org/sermons/ to download more messages – The Ministry of The Saints in The Last Days - II,Visit www.prayervoice.org/sermons/ to download more messages – The Ministry of The Saints in The Last Days - II,Pastor Niyi Adetiloye,17.11.2020 11:58:23 UTC+01:00,2:02:45,56.2 MB,https://t.me/WeAreTDCI/561
566,Visit www.prayervoice.org/sermons/ to download more messages – Unending Revival,Visit www.prayervoice.org/sermons/ to download more messages – Unending Revival,Pastor Niyi Adetiloye,17.11.2020 14:20:30 UTC+01:00,1:07:25,30.8 MB,https://t.me/WeAreTDCI/566
572,Kindly visit www.prayervoice.org/sermons/ to download more messages – DAY 1,Kindly visit www.prayervoice.org/sermons/ to download more messages – DAY 1,Pastor Niyi Adetiloye,18.11.2020 20:13:23 UTC+01:00,27:49,27.0 MB,https://t.me/WeAreTDCI/572
573,Kindly visit www.prayervoice.org/sermons/ to download more messages – DAY 2,Kindly visit www.prayervoice.org/sermons/ to download more messages – DAY 2,Pastor Niyi Adetiloye,18.11.2020 20:13:23 UTC+01:00,19:17,18.5 MB,https://t.me/WeAreTDCI/573
575,Kindly visit www.prayervoice.org/sermons/ to download more messages – DAY 3,Kindly visit www.prayervoice.org/sermons/ to download more messages – DAY 3,Pastor Niyi Adetiloye,18.11.2020 20:24:56 UTC+01:00,18:06,13.2 MB,https://t.me/WeAreTDCI/575
593,Kindly visit www.prayervoice.org/sermons/ to download more messages – DAY 4,Kindly visit www.prayervoice.org/sermons/ to download more messages – DAY 4,Pastor Niyi Adetiloye,19.11.2020 19:10:03 UTC+01:00,19:27,13.3 MB,https://t.me/WeAreTDCI/593
607,Visit www.prayervoice.org/sermons/ to download more messages – Spiritual Identity - II,Visit www.prayervoice.org/sermons/ to download more messages – Spiritual Identity - II,Pastor Niyi Adetiloye,23.11.2020 22:49:22 UTC+01:00,2:01:48,55.7 MB,https://t.me/WeAreTDCI/607
621,Visit www.prayervoice.org/sermons/ to download more messages – DAY 9,Visit www.prayervoice.org/sermons/ to download more messages – DAY 9,Pastor Niyi Adetiloye,24.11.2020 19:19:42 UTC+01:00,18:24,18.9 MB,https://t.me/WeAreTDCI/621
628,Visit www.prayervoice.org/sermons/to download more messages – DAY 10,Visit www.prayervoice.org/sermons/to download more messages – DAY 10,Pastor Niyi Adetiloye,25.11.2020 19:08:10 UTC+01:00,08:39,6.9 MB,https://t.me/WeAreTDCI/628
646,Visit www.prayervoice.org/sermons/ to download more messages – Financial Authority,Visit www.prayervoice.org/sermons/ to download more messages – Financial Authority,Pastor Niyi Adetiloye,01.12.2020 14:26:01 UTC+01:00,1:34:24,43.2 MB,https://t.me/WeAreTDCI/646
648,Visit www.prayervoice.org/sermons/ to download more messages – Oh Lord Arise - I,Visit www.prayervoice.org/sermons/ to download more messages – Oh Lord Arise - I,Pastor Niyi Adetiloye,01.12.2020 14:53:32 UTC+01:00,1:03:32,29.0 MB,https://t.me/WeAreTDCI/648
649,Visit www.prayervoice.org/sermons/ to download more messages – Oh God Arise - II,Visit www.prayervoice.org/sermons/ to download more messages – Oh God Arise - II,Pastor Niyi Adetiloye,01.12.2020 15:13:35 UTC+01:00,53:05,24.3 MB,https://t.me/WeAreTDCI/649
718,Restoring The Dignity of God's Word - I (The Order of David),Niyi Adetiloye – Restoring The Dignity of God's Word - I (The Order of David),Niyi Adetiloye,28.12.2020 06:40:10 UTC+01:00,1:58:46,54.3 MB,https://t.me/WeAreTDCI/718
719,Restoring The Dignity of God's Word - II (The Order of David),Niyi Adetiloye – Restoring The Dignity of God's Word - II (The Order of David),Niyi Adetiloye,28.12.2020 06:40:11 UTC+01:00,26:38,12.1 MB,https://t.me/WeAreTDCI/719
720,Restoring the Diginity of God's Word - III (The Order of David),Niyi Adetiloye – Restoring the Diginity of God's Word - III (The Order of David),Niyi Adetiloye,28.12.2020 06:40:11 UTC+01:00,1:33:31,42.8 MB,https://t.me/WeAreTDCI/720
721,Restoring The Dignity of God's Word - IV (The Order of David),Niyi Adetiloye – Restoring The Dignity of God's Word - IV (The Order of David),Niyi Adetiloye,28.12.2020 06:40:11 UTC+01:00,1:14:44,34.2 MB,https://t.me/WeAreTDCI/721
722,The Power of Fasting (The Order of David),Niyi Adetiloye – The Power of Fasting (The Order of David),Niyi Adetiloye,28.12.2020 06:40:11 UTC+01:00,1:53:05,51.7 MB,https://t.me/WeAreTDCI/722
723,Restoring The Dignity of God's Word - V (The Order of David),Niyi Adetiloye – Restoring The Dignity of God's Word - V (The Order of David),Niyi Adetiloye,28.12.2020 06:40:11 UTC+01:00,2:20:33,64.3 MB,https://t.me/WeAreTDCI/723
725,Knowing Christ Experientially (Clairvoyant 2020),Niyi Adetiloye – Knowing Christ Experientially (Clairvoyant 2020),Niyi Adetiloye,28.12.2020 20:28:02 UTC+01:00,1:44:39,47.9 MB,https://t.me/WeAreTDCI/725
811,The Gospel Foundation - II,Niyi Adetiloye – The Gospel Foundation - II,Niyi Adetiloye,05.02.2021 20:00:56 UTC+01:00,1:37:30,44.6 MB,https://t.me/WeAreTDCI/811
812,Transition (Church Shift) - I,Niyi Adetiloye – Transition (Church Shift) - I,Niyi Adetiloye,05.02.2021 20:02:13 UTC+01:00,1:34:40,43.3 MB,https://t.me/WeAreTDCI/812
813,Transition (Ministry Shift) - II,Niyi Adetiloye – Transition (Ministry Shift) - II,Niyi Adetiloye,05.02.2021 20:03:28 UTC+01:00,1:39:00,45.3 MB,https://t.me/WeAreTDCI/813
814,The Kingdom Foundation - I,Niyi Adetiloye – The Kingdom Foundation - I,Niyi Adetiloye,05.02.2021 21:03:54 UTC+01:00,53:33,24.5 MB,https://t.me/WeAreTDCI/814
843,The Kingdom Foundation - II,Niyi Adetiloye – The Kingdom Foundation - II,Niyi Adetiloye,16.02.2021 22:28:37 UTC+01:00,2:06:29,57.9 MB,https://t.me/WeAreTDCI/843
844,The Territorial Church,Niyi Adetiloye – The Territorial Church,Niyi Adetiloye,16.02.2021 22:32:06 UTC+01:00,2:25:20,66.5 MB,https://t.me/WeAreTDCI/844
845,The Territorial Church (Charge),Pastor Toba Dada – The Territorial Church (Charge),Toba Dada,16.02.2021 23:19:57 UTC+01:00,31:37,14.4 MB,https://t.me/WeAreTDCI/845
846,The Territorial Church - II,Niyi Adetiloye – The Territorial Church - II,Niyi Adetiloye,16.02.2021 23:44:30 UTC+01:00,1:13:55,33.8 MB,https://t.me/WeAreTDCI/846
859,Life Foundation,Niyi Adetiloye – Life Foundation,Niyi Adetiloye,22.02.2021 11:22:12 UTC+01:00,2:45:41,75.8 MB,https://t.me/WeAreTDCI/859
879,Foundations,Pastor Jide Olawoyin – Foundations,Jide Olawoyin,26.02.2021 15:14:52 UTC+01:00,1:38:13,44.9 MB,https://t.me/WeAreTDCI/879
914,WordForce - Charge,Niyi Adetiloye – WordForce - Charge,Niyi Adetiloye,10.03.2021 20:28:08 UTC+01:00,34:19,15.7 MB,https://t.me/WeAreTDCI/914
915,Strategies For Taking Over Gates And Maintaining Our Priesthood…,Rev. Tolu Agboola – Strategies For Taking Over Gates And Maintaining Our Priesthood…,Rev. Tolu Agboola,10.03.2021 20:29:30 UTC+01:00,2:04:27,56.9 MB,https://t.me/WeAreTDCI/915
916,Intercession (Sustaining Territorial Warfare),Niyi Adetiloye – Intercession (Sustaining Territorial Warfare),Niyi Adetiloye,10.03.2021 20:32:08 UTC+01:00,3:17:29,90.4 MB,https://t.me/WeAreTDCI/916
917,Faith,Rev. Tolu Agboola – Faith,Rev. Tolu Agboola,10.03.2021 20:34:39 UTC+01:00,2:21:47,64.9 MB,https://t.me/WeAreTDCI/917
923,Spiritual Foundation,Niyi Adetiloye – Spiritual Foundation,Niyi Adetiloye,15.03.2021 22:13:44 UTC+01:00,2:06:07,57.7 MB,https://t.me/WeAreTDCI/923
943,The Spiritual,Ayokunle Olusoji – The Spiritual,Ayokunle Olusoji,22.03.2021 19:58:33 UTC+01:00,1:34:29,43.2 MB,https://t.me/WeAreTDCI/943
959,Spiritual Foundation - II,Niyi Adetiloye – Spiritual Foundation - II,Niyi Adetiloye,26.03.2021 15:54:26 UTC+01:00,1:48:09,49.5 MB,https://t.me/WeAreTDCI/959
994,Possessing Your Possessions,Niyi adetiloye – Possessing Your Possessions,Niyi adetiloye,14.04.2021 20:31:21 UTC+01:00,1:42:37,46.9 MB,https://t.me/WeAreTDCI/994
1000,Blessings In Heavenly Places in Christ,Niyi Adetiloye – Blessings In Heavenly Places in Christ,Niyi Adetiloye,16.04.2021 14:25:29 UTC+01:00,56:26,25.8 MB,https://t.me/WeAreTDCI/1000
1001,Possessing Your Possessions By Faith,Niyi Adetiloye – Possessing Your Possessions By Faith,Niyi Adetiloye,16.04.2021 14:25:29 UTC+01:00,1:35:57,43.9 MB,https://t.me/WeAreTDCI/1001
1002,Greatness - Riding Upon The High Places,Niyi Adetiloye – Greatness - Riding Upon The High Places,Niyi Adetiloye,16.04.2021 14:25:29 UTC+01:00,46:49,21.4 MB,https://t.me/WeAreTDCI/1002
1003,Pathway To Greatness,Niyi Adetiloye – Pathway To Greatness,Niyi Adetiloye,16.04.2021 14:25:29 UTC+01:00,1:02:03,28.4 MB,https://t.me/WeAreTDCI/1003
1004,Personal Spiritual Walk In Accessing All Inheritances,Pastor Jide Olawoyin – Personal Spiritual Walk In Accessing All Inheritances,Jide Olawoyin,16.04.2021 14:48:41 UTC+01:00,30:41,14.0 MB,https://t.me/WeAreTDCI/1004
1005,Spiritual Conversion In Spiritual Possession,Pastor Jide Olawoyin – Spiritual Conversion In Spiritual Possession,Jide Olawoyin,16.04.2021 14:48:42 UTC+01:00,1:26:02,39.3 MB,https://t.me/WeAreTDCI/1005
1006,Power of Perseverance in Inheritance Possession,Pastor Jide Olawoyin – Power of Perseverance in Inheritance Possession,Jide Olawoyin,16.04.2021 14:48:42 UTC+01:00,1:01:57,28.3 MB,https://t.me/WeAreTDCI/1006
1024,Faith To Receive,Niyi Adetiloye – Faith To Receive,Niyi Adetiloye,23.04.2021 10:32:53 UTC+01:00,2:21:22,64.7 MB,https://t.me/WeAreTDCI/1024
1025,Faith To Receive - II,Niyi Adetiloye – Faith To Receive - II,Niyi Adetiloye,23.04.2021 13:54:57 UTC+01:00,2:42:46,74.5 MB,https://t.me/WeAreTDCI/1025
1033,Striving For Impactful Legacies,Pastor Jide Olawoyin – Striving For Impactful Legacies,Jide Olawoyin,04.05.2021 13:51:01 UTC+01:00,1:21:22,37.2 MB,https://t.me/WeAreTDCI/1033
1035,My Voice Will Be Heard On High,Niyi Adetiloye – My Voice Will Be Heard On High,Niyi Adetiloye,04.05.2021 17:21:58 UTC+01:00,52:35,24.0 MB,https://t.me/WeAreTDCI/1035
1052,Following Divine Processes,Niyi Adetiloye – Following Divine Processes,Niyi Adetiloye,11.05.2021 16:35:02 UTC+01:00,2:28:40,68.0 MB,https://t.me/WeAreTDCI/1052
1066,Following Divine Processess - II,Niyi Adetiloye – Following Divine Processess - II,Niyi Adetiloye,14.05.2021 13:09:05 UTC+01:00,2:29:20,68.3 MB,https://t.me/WeAreTDCI/1066
1083,Church Shift - I,Adeniyi Adetiloye – Church Shift - I,Adeniyi Adetiloye,22.05.2021 18:45:05 UTC+01:00,1:14:32,34.1 MB,https://t.me/WeAreTDCI/1083
1087,Church Shift - II,Niyi Adetiloye – Church Shift - II,Niyi Adetiloye,23.05.2021 21:01:15 UTC+01:00,2:37:17,72.0 MB,https://t.me/WeAreTDCI/1087
1089,Signposts To Destiny Fulfilment,Niyi Adetiloye – Signposts To Destiny Fulfilment,Niyi Adetiloye,23.05.2021 21:42:35 UTC+01:00,2:56:09,80.6 MB,https://t.me/WeAreTDCI/1089
1155,The Priest and The Law,Ayokunle Olusoji – The Priest and The Law,Ayokunle Olusoji,11.06.2021 16:39:49 UTC+01:00,1:50:19,50.5 MB,https://t.me/WeAreTDCI/1155
1156,The Mystery of Watching,Pastor Jide Olawoyin – The Mystery of Watching,Jide Olawoyin,11.06.2021 16:41:06 UTC+01:00,2:09:18,59.1 MB,https://t.me/WeAreTDCI/1156
1157,Commissioning for Life's Assignment,Niyi Adetiloye – Commissioning for Life's Assignment,Niyi Adetiloye,11.06.2021 16:42:35 UTC+01:00,2:27:23,67.4 MB,https://t.me/WeAreTDCI/1157
1170,Prophetic Charge - Territorial Reset,Pastor Toba Dada – Prophetic Charge - Territorial Reset,Toba Dada,16.06.2021 20:22:07 UTC+01:00,29:40,13.5 MB,https://t.me/WeAreTDCI/1170
1171,Territorial Reset,Niyi Adetiloye – Territorial Reset,Niyi Adetiloye,16.06.2021 20:22:07 UTC+01:00,2:59:53,82.3 MB,https://t.me/WeAreTDCI/1171
1184,Equipping Of The Saints,Niyi Adetiloye – Equipping Of The Saints,Niyi Adetiloye,22.06.2021 11:34:04 UTC+01:00,1:54:55,52.6 MB,https://t.me/WeAreTDCI/1184
1196,Commissioning For Life's  Assignment - II,Niyi Adetiloye – Commissioning For Life's  Assignment - II,Niyi Adetiloye,25.06.2021 13:06:19 UTC+01:00,2:12:32,60.6 MB,https://t.me/WeAreTDCI/1196
1208,Conditions For Divine Commissioning,Niyi Adetiloye – Conditions For Divine Commissioning,Niyi Adetiloye,04.07.2021 21:24:11 UTC+01:00,2:43:48,74.9 MB,https://t.me/WeAreTDCI/1208
1229,Rain - Catalyst Of Divine Visitation,Niyi Adetiloye – Rain - Catalyst Of Divine Visitation,Niyi Adetiloye,09.07.2021 19:38:36 UTC+01:00,1:56:07,53.1 MB,https://t.me/WeAreTDCI/1229
1276,The Rain Of Righteousness,Niyi Adetiloye – The Rain Of Righteousness,Niyi Adetiloye,22.07.2021 15:52:44 UTC+01:00,1:14:35,34.1 MB,https://t.me/WeAreTDCI/1276
1277,Passion For God,Niyi Adetiloye – Passion For God,Niyi Adetiloye,22.07.2021 15:52:44 UTC+01:00,46:55,21.4 MB,https://t.me/WeAreTDCI/1277
1282,Rain - The Lord's Ministers,Ayokunle Olusoji – Rain - The Lord's Ministers,Ayokunle Olusoji,22.07.2021 23:31:04 UTC+01:00,1:24:54,38.8 MB,https://t.me/WeAreTDCI/1282
1300,The Law Of Sowing And Reaping,Ayokunle Olusoji – The Law Of Sowing And Reaping,Ayokunle Olusoji,03.08.2021 22:12:32 UTC+01:00,2:10:41,59.8 MB,https://t.me/WeAreTDCI/1300
1321,Times Of Remembrance,Niyi Adetiloye – Times Of Remembrance,Niyi Adetiloye,13.08.2021 01:44:17 UTC+01:00,59:39,27.3 MB,https://t.me/WeAreTDCI/1321
1322,The Law Of Sowing And Reaping - I,Niyi Adetiloye – The Law Of Sowing And Reaping - I,Niyi Adetiloye,13.08.2021 02:02:09 UTC+01:00,1:33:03,42.6 MB,https://t.me/WeAreTDCI/1322
1331,Journeying In God - Bethel,Niyi Adetiloye – Journeying In God - Bethel,Niyi Adetiloye,30.08.2021 20:05:14 UTC+01:00,59:20,27.1 MB,https://t.me/WeAreTDCI/1331
1332,Journeying In God - Bethel II,Niyi Adetiloye – Journeying In God - Bethel II,Niyi Adetiloye,30.08.2021 20:05:14 UTC+01:00,1:19:30,36.3 MB,https://t.me/WeAreTDCI/1332
1333,Instructions In Journeying In God,Jide Olawoyin – Instructions In Journeying In God,Jide Olawoyin,30.08.2021 20:05:14 UTC+01:00,1:06:15,30.3 MB,https://t.me/WeAreTDCI/1333
1334,Journeying In God - Hebron,Niyi Adetiloye – Journeying In God - Hebron,Niyi Adetiloye,30.08.2021 20:05:14 UTC+01:00,1:49:20,50.0 MB,https://t.me/WeAreTDCI/1334
1335,Journeying In God - Encounters And Visitations,Niyi Adetiloye – Journeying In God - Encounters And Visitations,Niyi Adetiloye,30.08.2021 20:05:14 UTC+01:00,31:00,14.1 MB,https://t.me/WeAreTDCI/1335
1336,Securing Destinies By Focus On Promises,Pastor Taiwo Ogunlowo – Securing Destinies By Focus On Promises,Taiwo Ogunlowo,30.08.2021 20:05:14 UTC+01:00,53:26,24.4 MB,https://t.me/WeAreTDCI/1336
1337,Journeying In God - Attaining Princehood,Niyi Adetiloye – Journeying In God - Attaining Princehood,Niyi Adetiloye,30.08.2021 20:05:14 UTC+01:00,1:29:37,41.0 MB,https://t.me/WeAreTDCI/1337
1338,Journeying In God - Subduing Principalities,Niyi Adetiloye – Journeying In God - Subduing Principalities,Niyi Adetiloye,30.08.2021 20:05:14 UTC+01:00,1:12:12,33.0 MB,https://t.me/WeAreTDCI/1338
1340,The Law Of Sowing And Reaping - II,Niyi Adetiloye – The Law Of Sowing And Reaping - II,Niyi Adetiloye,30.08.2021 20:10:07 UTC+01:00,2:12:46,60.7 MB,https://t.me/WeAreTDCI/1340
1342,Power With God And Men - Prophetic Charge,Pastor Toba Dada – Power With God And Men - Prophetic Charge,Toba Dada,30.08.2021 20:12:32 UTC+01:00,1:02:36,28.6 MB,https://t.me/WeAreTDCI/1342
1343,Power With God And Men,Niyi Adetiloye – Power With God And Men,Niyi Adetiloye,30.08.2021 20:19:53 UTC+01:00,2:43:03,74.6 MB,https://t.me/WeAreTDCI/1343
1348,Contrasting Between Materialism And Kingdom Material Prosperity,Niyi Adetiloye – Contrasting Between Materialism And Kingdom Material Prosperity,Niyi Adetiloye,03.09.2021 06:47:41 UTC+01:00,1:39:28,45.5 MB,https://t.me/WeAreTDCI/1348
1349,Announcing The Jubilee,Niyi Adetiloye – Announcing The Jubilee,Niyi Adetiloye,03.09.2021 06:47:41 UTC+01:00,1:27:23,40.0 MB,https://t.me/WeAreTDCI/1349
1356,How To Engineer Kingdom Material Prosperity,Niyi Adetiloye – How To Engineer Kingdom Material Prosperity,Niyi Adetiloye,09.09.2021 23:27:12 UTC+01:00,1:57:30,53.7 MB,https://t.me/WeAreTDCI/1356
1364,Visitation of Blessings,Niyi Adetiloye – Visitation of Blessings,Niyi Adetiloye,20.09.2021 21:35:06 UTC+01:00,48:11,22.0 MB,https://t.me/WeAreTDCI/1364
1365,Territorial Visitations,Niyi Adetiloye – Territorial Visitations,Niyi Adetiloye,20.09.2021 21:41:03 UTC+01:00,3:06:57,85.5 MB,https://t.me/WeAreTDCI/1365
1366,Territorial Visitions,Niyi Adetiloye – Territorial Visitions,Niyi Adetiloye,20.09.2021 21:45:53 UTC+01:00,2:41:24,73.8 MB,https://t.me/WeAreTDCI/1366
1370,Preparing The Next Generation To Take Over,Niyi Adetiloye – Preparing The Next Generation To Take Over,Niyi Adetiloye,24.09.2021 00:42:37 UTC+01:00,1:00:50,55.7 MB,https://t.me/WeAreTDCI/1370
1371,Classification Of Our Spiritual Inheritance,Niyi Adetiloye – Classification Of Our Spiritual Inheritance,Niyi Adetiloye,24.09.2021 00:45:00 UTC+01:00,1:34:07,43.0 MB,https://t.me/WeAreTDCI/1371
1376,The Law Of Sowing And Reaping V,Niyi Adetiloye – The Law Of Sowing And Reaping V,Niyi Adetiloye,02.10.2021 11:07:42 UTC+01:00,2:21:25,64.7 MB,https://t.me/WeAreTDCI/1376
1378,Basics Of Spiritual Warfare,Niyi Adetiloye – Basics Of Spiritual Warfare,Niyi Adetiloye,19.10.2021 17:12:42 UTC+01:00,2:49:42,77.6 MB,https://t.me/WeAreTDCI/1378
1380,Welcome Charge,Niyi Adetiloye – Welcome Charge,Niyi Adetiloye,20.10.2021 05:48:26 UTC+01:00,50:33,23.1 MB,https://t.me/WeAreTDCI/1380
1381,The Latter House - God's Perfect And Permanent Dwelling Place,Pastor Toba Dada – The Latter House - God's Perfect And Permanent Dwelling Place,Toba Dada,20.10.2021 05:49:09 UTC+01:00,55:20,25.3 MB,https://t.me/WeAreTDCI/1381
1382,The Latter House,Niyi Adetiloye – The Latter House,Niyi Adetiloye,20.10.2021 05:51:16 UTC+01:00,1:54:52,52.5 MB,https://t.me/WeAreTDCI/1382
1383,The Intention Of God,Rev. Tolu Agboola – The Intention Of God,Rev. Tolu Agboola,20.10.2021 05:57:58 UTC+01:00,2:09:00,59.0 MB,https://t.me/WeAreTDCI/1383
1384,Funtionaries Of The Glory,Rev. Tolu Agboola – Funtionaries Of The Glory,Rev. Tolu Agboola,20.10.2021 06:01:47 UTC+01:00,2:14:18,61.4 MB,https://t.me/WeAreTDCI/1384
1385,A Time To Build,Niyi Adetiloye – A Time To Build,Niyi Adetiloye,20.10.2021 06:08:01 UTC+01:00,3:07:11,85.6 MB,https://t.me/WeAreTDCI/1385
1387,THE OLD AND THE NEW ARMY,Pastor Niyi Adetiloye – THE OLD AND THE NEW ARMY,Niyi Adetiloye,21.10.2021 09:17:15 UTC+01:00,1:51:39,51.1 MB,https://t.me/WeAreTDCI/1387
1388,THE-CIRCUMCISION OF CHRIST,Niyi Adetiloye – THE-CIRCUMCISION OF CHRIST,Niyi Adetiloye,21.10.2021 09:21:06 UTC+01:00,2:41:10,64.1 MB,https://t.me/WeAreTDCI/1388
1389,CAMP AT GILGAL,Niyi Adetiloye – CAMP AT GILGAL,Niyi Adetiloye,21.10.2021 09:25:36 UTC+01:00,2:46:59,61.5 MB,https://t.me/WeAreTDCI/1389
1395,Protocols For Breaking Grounds,Niyi Adetiloye – Protocols For Breaking Grounds,Niyi Adetiloye,23.10.2021 15:04:44 UTC+01:00,1:23:34,38.2 MB,https://t.me/WeAreTDCI/1395
1400,Ground Breakng Protocols - II (Postures),Niyi Adetiloye – Ground Breakng Protocols - II (Postures),Niyi Adetiloye,29.10.2021 10:28:40 UTC+01:00,1:02:47,35.9 MB,https://t.me/WeAreTDCI/1400
1401,Dealing With The Strong Man,Niyi Adetiloye – Dealing With The Strong Man,Niyi Adetiloye,29.10.2021 10:36:48 UTC+01:00,1:26:07,49.2 MB,https://t.me/WeAreTDCI/1401
1416,Demolishing Satanic Strongholds,Niyi Adetiloye – Demolishing Satanic Strongholds,Niyi Adetiloye,11.11.2021 07:01:51 UTC+01:00,1:17:39,35.5 MB,https://t.me/WeAreTDCI/1416
1417,Demolishing Satanic Strongholds - II,Niyi Adetiloye – Demolishing Satanic Strongholds - II,Niyi Adetiloye,11.11.2021 07:08:39 UTC+01:00,21:41,16.3 MB,https://t.me/WeAreTDCI/1417
1421,The Two Natures,Niyi Adetiloye – The Two Natures,Niyi Adetiloye,12.11.2021 09:19:52 UTC+01:00,1:08:17,31.2 MB,https://t.me/WeAreTDCI/1421
1432,Understanding The Vision - Conceptualizing The Emerging Network…,Niyi Adetiloye – Understanding The Vision - Conceptualizing The Emerging Network…,Niyi Adetiloye,30.11.2021 17:13:32 UTC+01:00,2:11:03,59.9 MB,https://t.me/WeAreTDCI/1432
1433,The Two Nature - II,Niyi Adetiloye – The Two Nature - II,Niyi Adetiloye,30.11.2021 17:14:05 UTC+01:00,1:19:30,36.3 MB,https://t.me/WeAreTDCI/1433
1434,A Home for Sons and Daughters,Niyi Adetiloye – A Home for Sons and Daughters,Niyi Adetiloye,30.11.2021 17:15:07 UTC+01:00,1:19:23,36.3 MB,https://t.me/WeAreTDCI/1434
1435,Dealing With The Sinful Nature.,Niyi Adetiloye – Dealing With The Sinful Nature.,Niyi Adetiloye,30.11.2021 17:18:39 UTC+01:00,1:34:02,43.0 MB,https://t.me/WeAreTDCI/1435
1436,Collaborating For Revival,Niyi Adetiloye – Collaborating For Revival,Niyi Adetiloye,30.11.2021 17:19:18 UTC+01:00,1:17:37,35.5 MB,https://t.me/WeAreTDCI/1436
1443,Basic Elements of Discernment,Niyi Adetiloye – Basic Elements of Discernment,Niyi Adetiloye,06.12.2021 13:58:43 UTC+01:00,1:28:35,40.5 MB,https://t.me/WeAreTDCI/1443
1453,Territorial Preservation (Raising Sons of Peace),Niyi Adetiloye – Territorial Preservation (Raising Sons of Peace),Niyi Adetiloye,11.12.2021 07:24:42 UTC+01:00,1:21:27,37.2 MB,https://t.me/WeAreTDCI/1453
1454,Collaborating For Revival II,Niyi Adetiloye – Collaborating For Revival II,Niyi Adetiloye,11.12.2021 08:32:08 UTC+01:00,1:37:44,44.7 MB,https://t.me/WeAreTDCI/1454
1465,Christ's Kingdom Ambassadors,Niyi Adetiloye – Christ's Kingdom Ambassadors,Niyi Adetiloye,19.12.2021 17:50:08 UTC+01:00,1:04:01,29.3 MB,https://t.me/WeAreTDCI/1465
1466,The Path to Authority,Niyi Adetiloye – The Path to Authority,Niyi Adetiloye,19.12.2021 17:51:57 UTC+01:00,1:48:56,49.8 MB,https://t.me/WeAreTDCI/1466
1474,Behold I Give Unto You Authority,Niyi Adetiloye – Behold I Give Unto You Authority,Niyi Adetiloye,23.12.2021 19:26:10 UTC+01:00,2:17:58,63.1 MB,https://t.me/WeAreTDCI/1474
1479,"Thanksgiving - (Act, Art & Heart)","Niyi Adetiloye – Thanksgiving - (Act, Art & Heart)",Niyi Adetiloye,28.12.2021 15:42:47 UTC+01:00,1:16:30,35.0 MB,https://t.me/WeAreTDCI/1479
1480,Appraisal,Niyi Adetiloye – Appraisal,Niyi Adetiloye,28.12.2021 15:45:51 UTC+01:00,57:14,26.2 MB,https://t.me/WeAreTDCI/1480
1484,Navigating Through The Season,Niyi Adetiloye – Navigating Through The Season,Niyi Adetiloye,29.12.2021 14:01:38 UTC+01:00,2:02:24,56.0 MB,https://t.me/WeAreTDCI/1484
1548,The Manner of God's Glory - I,Niyi Adetiloye – The Manner of God's Glory - I,Niyi Adetiloye,10.01.2022 19:07:19 UTC+01:00,1:44:49,47.9 MB,https://t.me/WeAreTDCI/1548
1549,The Manner of God's Glory - II,Niyi Adetiloye – The Manner of God's Glory - II,Niyi Adetiloye,10.01.2022 19:07:19 UTC+01:00,1:36:14,44.0 MB,https://t.me/WeAreTDCI/1549
1550,Prophetic Charge - Key Word For The Year,Niyi Adetiloye – Prophetic Charge - Key Word For The Year,Niyi Adetiloye,10.01.2022 19:07:19 UTC+01:00,1:03:33,29.1 MB,https://t.me/WeAreTDCI/1550
1551,The Manner of God's Grace,Niyi Adetiloye – The Manner of God's Grace,Niyi Adetiloye,10.01.2022 19:07:19 UTC+01:00,1:46:51,48.9 MB,https://t.me/WeAreTDCI/1551
1552,Functions of The Manifest Glory Upon The Life of A Believer,Niyi Adetiloye – Functions of The Manifest Glory Upon The Life of A Believer,Niyi Adetiloye,10.01.2022 19:07:19 UTC+01:00,2:27:08,67.3 MB,https://t.me/WeAreTDCI/1552
1553,The Prophetic Wind for 2022,Niyi Adetiloye – The Prophetic Wind for 2022,Niyi Adetiloye,10.01.2022 19:07:19 UTC+01:00,1:03:06,28.8 MB,https://t.me/WeAreTDCI/1553
1554,Fellowship With The Lord,Niyi Adetiloye – Fellowship With The Lord,Niyi Adetiloye,10.01.2022 19:07:19 UTC+01:00,1:24:31,38.6 MB,https://t.me/WeAreTDCI/1554
1555,Glory Days - The Manner of The Days,Niyi Adetiloye – Glory Days - The Manner of The Days,Niyi Adetiloye,10.01.2022 19:07:19 UTC+01:00,1:39:49,45.6 MB,https://t.me/WeAreTDCI/1555
1556,"The Plight, Perils and Pitfalls of The Glorious Man","Niyi Adetiloye – The Plight, Perils and Pitfalls of The Glorious Man",Niyi Adetiloye,10.01.2022 19:07:19 UTC+01:00,2:03:10,56.3 MB,https://t.me/WeAreTDCI/1556
1558,The Gospel Foundation - I,Niyi Adetiloye – The Gospel Foundation - I,Niyi Adetiloye,10.01.2022 21:09:02 UTC+01:00,1:37:18,44.5 MB,https://t.me/WeAreTDCI/1558
1569,The Gospel Foundation - II,Niyi Adetiloye – The Gospel Foundation - II,Niyi Adetiloye,14.01.2022 15:15:55 UTC+01:00,1:35:41,43.8 MB,https://t.me/WeAreTDCI/1569
1590,The Gift Of Righteousness - I,Niyi Adetiloye – The Gift Of Righteousness - I,Niyi Adetiloye,23.01.2022 18:44:29 UTC+01:00,1:29:46,41.0 MB,https://t.me/WeAreTDCI/1590
1591,The Gift Of Righteousness - II,Niyi Adetiloye – The Gift Of Righteousness - II,Niyi Adetiloye,23.01.2022 18:44:29 UTC+01:00,1:12:34,33.2 MB,https://t.me/WeAreTDCI/1591
1592,Discernment - I,Niyi Adetiloye – Discernment - I,Niyi Adetiloye,23.01.2022 18:49:51 UTC+01:00,52:21,23.9 MB,https://t.me/WeAreTDCI/1592
1593,Discernment - II,Niyi Adetiloye – Discernment - II,Niyi Adetiloye,23.01.2022 18:49:51 UTC+01:00,1:06:54,30.6 MB,https://t.me/WeAreTDCI/1593
1594,The Ministry And Making Of A True Worshipper,Niyi Adetiloye – The Ministry And Making Of A True Worshipper,Niyi Adetiloye,23.01.2022 18:53:48 UTC+01:00,1:23:41,38.3 MB,https://t.me/WeAreTDCI/1594
1595,Dimensions of His Presence,Niyi Adetiloye – Dimensions of His Presence,Niyi Adetiloye,23.01.2022 18:53:48 UTC+01:00,1:03:41,29.1 MB,https://t.me/WeAreTDCI/1595
1596,The Basics of the Kingdom of God,Niyi Adetiloye – The Basics of the Kingdom of God,Niyi Adetiloye,24.01.2022 17:00:11 UTC+01:00,1:33:14,42.6 MB,https://t.me/WeAreTDCI/1596
1611,Basic Guide To The Spiritual,Niyi Adetiloye – Basic Guide To The Spiritual,Niyi Adetiloye,31.01.2022 18:06:37 UTC+01:00,1:18:41,36.0 MB,https://t.me/WeAreTDCI/1611
1614,God's Model Of A Fulfilled Life,Niyi Adetiloye – God's Model Of A Fulfilled Life,Niyi Adetiloye,03.02.2022 19:21:54 UTC+01:00,2:24:07,65.9 MB,https://t.me/WeAreTDCI/1614
1619,Hearing God Through The Scriptures,Niyi Adetiloye – Hearing God Through The Scriptures,Niyi Adetiloye,08.02.2022 15:18:58 UTC+01:00,1:26:21,39.5 MB,https://t.me/WeAreTDCI/1619
1620,Gleaning the Benefits of Scriptures,Niyi Adetiloye – Gleaning the Benefits of Scriptures,Niyi Adetiloye,08.02.2022 15:20:29 UTC+01:00,1:42:29,46.9 MB,https://t.me/WeAreTDCI/1620
1621,The Heritage Of The Lord,Niyi Adetiloye – The Heritage Of The Lord,Niyi Adetiloye,08.02.2022 15:48:19 UTC+01:00,42:13,33.8 MB,https://t.me/WeAreTDCI/1621
1628,Igniting The Flaming Word,Niyi Adetiloye – Igniting The Flaming Word,Niyi Adetiloye,14.02.2022 17:40:34 UTC+01:00,1:31:09,41.7 MB,https://t.me/WeAreTDCI/1628
1629,"Healed, Helped And Enlarged","Niyi Adetiloye – Healed, Helped And Enlarged",Niyi Adetiloye,14.02.2022 17:40:34 UTC+01:00,1:47:58,49.4 MB,https://t.me/WeAreTDCI/1629
1637,Engaging Ministry Of The Spirit Of Truth,Niyi Adetiloye – Engaging Ministry Of The Spirit Of Truth,Niyi Adetiloye,23.02.2022 11:39:48 UTC+01:00,1:35:03,43.5 MB,https://t.me/WeAreTDCI/1637
1641,The Way Of Power,Niyi Adetiloye – The Way Of Power,Niyi Adetiloye,23.02.2022 16:37:27 UTC+01:00,2:16:01,62.2 MB,https://t.me/WeAreTDCI/1641
1664,Engaging Ministry Of The Spirit Of Truth - II,Niyi Adetiloye – Engaging Ministry Of The Spirit Of Truth - II,Niyi Adetiloye,09.03.2022 21:02:13 UTC+01:00,1:31:38,41.9 MB,https://t.me/WeAreTDCI/1664
1665,All Manner of Prayers,Niyi Adetiloye – All Manner of Prayers,Niyi Adetiloye,09.03.2022 21:20:27 UTC+01:00,1:25:58,39.3 MB,https://t.me/WeAreTDCI/1665
1666,Dominion In Christ,Niyi Adetiloye – Dominion In Christ,Niyi Adetiloye,09.03.2022 21:20:27 UTC+01:00,1:22:05,37.5 MB,https://t.me/WeAreTDCI/1666
1673,Praying Without Ceasing,Niyi Adetiloye – Praying Without Ceasing,Niyi Adetiloye,16.03.2022 16:46:25 UTC+01:00,1:39:58,45.7 MB,https://t.me/WeAreTDCI/1673
1674,The Revelation of God's Glory - I,Pastor Toba Dada – The Revelation of God's Glory - I,Toba Dada,16.03.2022 16:49:31 UTC+01:00,1:14:32,34.1 MB,https://t.me/WeAreTDCI/1674
1675,The Revelation of God's Glory - II,Pastor Toba Dada – The Revelation of God's Glory - II,Toba Dada,16.03.2022 16:49:32 UTC+01:00,34:58,16.0 MB,https://t.me/WeAreTDCI/1675
1677,Revealing The Christ And The Kingdom,Niyi Adetiloye – Revealing The Christ And The Kingdom,Niyi Adetiloye,16.03.2022 21:04:15 UTC+01:00,45:34,20.8 MB,https://t.me/WeAreTDCI/1677
1678,Transformation Into Glory,Niyi Adetiloye – Transformation Into Glory,Niyi Adetiloye,16.03.2022 21:04:15 UTC+01:00,1:25:50,39.3 MB,https://t.me/WeAreTDCI/1678
1682,Praying Without Ceasing - II,Niyi Adetiloye – Praying Without Ceasing - II,Niyi Adetiloye,18.03.2022 18:36:47 UTC+01:00,1:40:23,45.9 MB,https://t.me/WeAreTDCI/1682
1685,Power From On High,Evang. Busayo Oluwadunsin – Power From On High,Evang. Busayo Oluwadunsin,21.03.2022 17:33:20 UTC+01:00,1:10:54,32.4 MB,https://t.me/WeAreTDCI/1685
1692,Praying Without Ceasing - III,Niyi Adetiloye – Praying Without Ceasing - III,Niyi Adetiloye,25.03.2022 11:30:13 UTC+01:00,39:41,18.1 MB,https://t.me/WeAreTDCI/1692
1693,Perspectives To Prayers,Raphael Onilenla – Perspectives To Prayers,Raphael Onilenla,25.03.2022 11:30:13 UTC+01:00,1:03:44,29.1 MB,https://t.me/WeAreTDCI/1693
1698,Walking In The Blessing,Niyi Adetiloye – Walking In The Blessing,Niyi Adetiloye,28.03.2022 15:49:00 UTC+01:00,1:39:11,45.4 MB,https://t.me/WeAreTDCI/1698
1700,Taking Your Place In The Revival,Niyi Adetiloye – Taking Your Place In The Revival,Niyi Adetiloye,04.04.2022 16:32:34 UTC+01:00,1:47:20,49.1 MB,https://t.me/WeAreTDCI/1700
1701,Restore,Raphael Onilenla – Restore,Raphael Onilenla,06.04.2022 20:14:49 UTC+01:00,1:35:01,43.5 MB,https://t.me/WeAreTDCI/1701
1707,The Ministry of the Holy Spirit - I,Niyi Adetiloye – The Ministry of the Holy Spirit - I,Niyi Adetiloye,12.04.2022 14:19:49 UTC+01:00,1:15:40,34.6 MB,https://t.me/WeAreTDCI/1707
1708,Taking Your Place In The Revival - II,Niyi Adetiloye – Taking Your Place In The Revival - II,Niyi Adetiloye,12.04.2022 14:42:25 UTC+01:00,2:00:17,55.0 MB,https://t.me/WeAreTDCI/1708
1717,The Eyes Of Your Understanding,Niyi Adetiloye – The Eyes Of Your Understanding,Niyi Adetiloye,21.04.2022 13:58:02 UTC+01:00,1:13:25,33.6 MB,https://t.me/WeAreTDCI/1717
1718,Separating The Holy From The Common,Niyi Adetiloye – Separating The Holy From The Common,Niyi Adetiloye,21.04.2022 13:58:03 UTC+01:00,2:19:53,64.0 MB,https://t.me/WeAreTDCI/1718
1719,Understanding God's Glory,Pastor Raphael Onilenla – Understanding God's Glory,Raphael Onilenla,21.04.2022 13:58:03 UTC+01:00,1:18:07,35.7 MB,https://t.me/WeAreTDCI/1719
1720,The Pattern Of The Present Season,Evangelist Busayo Oluwadunsin – The Pattern Of The Present Season,elist Busayo Oluwadunsin,21.04.2022 13:58:03 UTC+01:00,2:05:51,57.6 MB,https://t.me/WeAreTDCI/1720
1721,The Spirit of Wisdom,Niyi Adetiloye – The Spirit of Wisdom,Niyi Adetiloye,21.04.2022 13:58:03 UTC+01:00,58:36,26.8 MB,https://t.me/WeAreTDCI/1721
1722,Understanding God's Glory - II,Pastor Raphael Onilenla – Understanding God's Glory - II,Raphael Onilenla,21.04.2022 13:58:03 UTC+01:00,47:58,21.9 MB,https://t.me/WeAreTDCI/1722
1723,The System Of The Spirit of Wisdom,Niyi Adetiloye – The System Of The Spirit of Wisdom,Niyi Adetiloye,21.04.2022 13:58:03 UTC+01:00,2:08:29,58.8 MB,https://t.me/WeAreTDCI/1723
1727,He is Risen,Niyi Adetiloye – He is Risen,Niyi Adetiloye,25.04.2022 08:59:06 UTC+01:00,55:14,25.2 MB,https://t.me/WeAreTDCI/1727
1728,Divine Direction For Supernatural Favour,Niyi Adetiloye – Divine Direction For Supernatural Favour,Niyi Adetiloye,25.04.2022 09:04:17 UTC+01:00,1:27:39,40.1 MB,https://t.me/WeAreTDCI/1728
1730,The Ministry of the Holy Spirit - II,Niyi Adetiloye – The Ministry of the Holy Spirit - II,Niyi Adetiloye,25.04.2022 17:29:09 UTC+01:00,1:30:11,41.2 MB,https://t.me/WeAreTDCI/1730
1736,Revival Kind Of Prayer,Niyi Adetiloye – Revival Kind Of Prayer,Niyi Adetiloye,04.05.2022 10:52:55 UTC+01:00,1:50:59,50.8 MB,https://t.me/WeAreTDCI/1736
1737,The Ministry of the Holy Spirit - III,Niyi Adetiloye – The Ministry of the Holy Spirit - III,Niyi Adetiloye,04.05.2022 10:52:55 UTC+01:00,1:00:39,27.7 MB,https://t.me/WeAreTDCI/1737
1738,The Nature Of Revival Prayers,Niyi Adetiloye – The Nature Of Revival Prayers,Niyi Adetiloye,04.05.2022 10:52:55 UTC+01:00,1:54:07,52.2 MB,https://t.me/WeAreTDCI/1738
1748,Breaking Limitations,Niyi Adetiloye – Breaking Limitations,Niyi Adetiloye,10.05.2022 14:45:54 UTC+01:00,48:25,22.1 MB,https://t.me/WeAreTDCI/1748
1749,Evangelism and Soul Winning,Niyi Adetiloye – Evangelism and Soul Winning,Niyi Adetiloye,10.05.2022 14:45:54 UTC+01:00,1:18:47,36.0 MB,https://t.me/WeAreTDCI/1749
1752,Kingdom Laws of Health,Niyi Adetiloye – Kingdom Laws of Health,Niyi Adetiloye,10.05.2022 20:29:41 UTC+01:00,2:08:31,58.8 MB,https://t.me/WeAreTDCI/1752
1759,Effective Soul Winning,Niyi Adetiloye – Effective Soul Winning,Niyi Adetiloye,14.05.2022 07:45:30 UTC+01:00,1:46:33,48.7 MB,https://t.me/WeAreTDCI/1759
1763,The Lawgiver On Family Success,Niyi Adetiloye – The Lawgiver On Family Success,Niyi Adetiloye,17.05.2022 19:41:48 UTC+01:00,2:22:05,65.0 MB,https://t.me/WeAreTDCI/1763
1769,Effective Soul Winning - II,Niyi Adetiloye – Effective Soul Winning - II,Niyi Adetiloye,22.05.2022 18:40:29 UTC+01:00,1:57:32,53.8 MB,https://t.me/WeAreTDCI/1769
1778,The Lawgiver On Family Success - II,Niyi Adetiloye – The Lawgiver On Family Success - II,Niyi Adetiloye,29.05.2022 17:58:10 UTC+01:00,2:30:16,68.7 MB,https://t.me/WeAreTDCI/1778
1779,The Role Of The Holy Spirit In Evangelism,Niyi Adetiloye – The Role Of The Holy Spirit In Evangelism,Niyi Adetiloye,29.05.2022 18:20:06 UTC+01:00,1:44:21,47.7 MB,https://t.me/WeAreTDCI/1779
1780,The Lawgiver On Finance,Raphael Onilenla – The Lawgiver On Finance,Raphael Onilenla,29.05.2022 19:29:39 UTC+01:00,1:28:53,40.6 MB,https://t.me/WeAreTDCI/1780
1800,Demonstrating The Kingdom Life,Niyi Adetiloye – Demonstrating The Kingdom Life,Niyi Adetiloye,10.06.2022 23:40:03 UTC+01:00,1:21:03,37.1 MB,https://t.me/WeAreTDCI/1800
1801,Demonstrating The Kingdom Life - II,Niyi Adetiloye – Demonstrating The Kingdom Life - II,Niyi Adetiloye,10.06.2022 23:40:03 UTC+01:00,1:17:04,35.2 MB,https://t.me/WeAreTDCI/1801
1804,Spiritual Intensity,Niyi Adetiloye – Spiritual Intensity,Niyi Adetiloye,13.06.2022 22:08:04 UTC+01:00,2:20:26,64.2 MB,https://t.me/WeAreTDCI/1804
1805,The Current Consecration Move Of The Spirit,Niyi Adetiloye – The Current Consecration Move Of The Spirit,Niyi Adetiloye,13.06.2022 22:08:04 UTC+01:00,2:24:03,65.9 MB,https://t.me/WeAreTDCI/1805
1806,Let Us Return To The Lord,Niyi Adetiloye – Let Us Return To The Lord,Niyi Adetiloye,13.06.2022 22:08:04 UTC+01:00,2:05:39,57.5 MB,https://t.me/WeAreTDCI/1806
1811,How Our Love Treats People,Niyi Adetiloye – How Our Love Treats People,Niyi Adetiloye,21.06.2022 00:30:28 UTC+01:00,1:42:56,47.1 MB,https://t.me/WeAreTDCI/1811
1819,Demonstrating The Kingdom Life - II,Pastor Raphael Onilenla – Demonstrating The Kingdom Life - II,Raphael Onilenla,26.06.2022 19:06:36 UTC+01:00,1:06:04,30.2 MB,https://t.me/WeAreTDCI/1819
1823,Casting Off Weights,Niyi Adetiloye – Casting Off Weights,Niyi Adetiloye,27.06.2022 22:09:05 UTC+01:00,1:50:39,50.6 MB,https://t.me/WeAreTDCI/1823
1827,The Spirit Of Revival,Busayo Oluwadunsin – The Spirit Of Revival,Busayo Oluwadunsin,30.06.2022 19:21:33 UTC+01:00,1:15:39,34.6 MB,https://t.me/WeAreTDCI/1827
1832,How We Express Christian Love,Niyi Adetiloye – How We Express Christian Love,Niyi Adetiloye,02.07.2022 01:01:18 UTC+01:00,1:27:45,47.2 MB,https://t.me/WeAreTDCI/1832
1847,Spirit Manifestations,Niyi Adetiloye – Spirit Manifestations,Niyi Adetiloye,05.07.2022 09:20:31 UTC+01:00,1:05:58,30.2 MB,https://t.me/WeAreTDCI/1847
1857,Spirit Manifestations - II,Niyi Adetiloye – Spirit Manifestations - II,Niyi Adetiloye,11.07.2022 20:32:29 UTC+01:00,1:13:22,33.5 MB,https://t.me/WeAreTDCI/1857
1863,Spiritual Gifts - I,Niyi Adetiloye – Spiritual Gifts - I,Niyi Adetiloye,18.07.2022 08:25:18 UTC+01:00,47:59,27.1 MB,https://t.me/WeAreTDCI/1863
1864,Spiritual Gifts (Practicals),Rapheal Onilenla – Spiritual Gifts (Practicals),Rapheal Onilenla,18.07.2022 11:56:38 UTC+01:00,1:47:04,49.0 MB,https://t.me/WeAreTDCI/1864
1873,Desire Spiritual Gifts,Niyi Adetiloye – Desire Spiritual Gifts,Niyi Adetiloye,25.07.2022 22:57:39 UTC+01:00,1:27:28,40.0 MB,https://t.me/WeAreTDCI/1873
1874,The Fire of Desire,Niyi Adetiloye – The Fire of Desire,Niyi Adetiloye,25.07.2022 22:57:39 UTC+01:00,1:55:17,52.7 MB,https://t.me/WeAreTDCI/1874
1898,Developing Spiritual Gifts Manifestation,Niyi Adetiloye – Developing Spiritual Gifts Manifestation,Niyi Adetiloye,03.08.2022 18:11:15 UTC+01:00,1:52:22,51.4 MB,https://t.me/WeAreTDCI/1898
1899,Healing And Miracle Service - July 2022,Niyi Adetiloye – Healing And Miracle Service - July 2022,Niyi Adetiloye,03.08.2022 18:13:09 UTC+01:00,1:45:22,48.2 MB,https://t.me/WeAreTDCI/1899
1910,Making Your Service To God Count,Niyi Adetiloye – Making Your Service To God Count,Niyi Adetiloye,15.08.2022 12:54:13 UTC+01:00,1:00:24,27.6 MB,https://t.me/WeAreTDCI/1910
1911,Excersing Your Royal Priesthood,Niyi Adetiloye – Excersing Your Royal Priesthood,Niyi Adetiloye,15.08.2022 13:01:25 UTC+01:00,1:09:14,31.6 MB,https://t.me/WeAreTDCI/1911
1912,How To Pray For A Nation - I,Niyi Adetiloye – How To Pray For A Nation - I,Niyi Adetiloye,15.08.2022 13:09:25 UTC+01:00,1:12:58,33.4 MB,https://t.me/WeAreTDCI/1912
1913,How To Pray For Nation - II,Niyi Adetiloye – How To Pray For Nation - II,Niyi Adetiloye,15.08.2022 13:09:25 UTC+01:00,1:05:58,30.2 MB,https://t.me/WeAreTDCI/1913
1914,The Greatest Need Of An Apostle,Niyi Adetiloye – The Greatest Need Of An Apostle,Niyi Adetiloye,15.08.2022 13:09:25 UTC+01:00,27:26,12.5 MB,https://t.me/WeAreTDCI/1914
1915,The Prophetic Anointing,Niyi Adetiloye – The Prophetic Anointing,Niyi Adetiloye,15.08.2022 13:09:25 UTC+01:00,20:18,9.3 MB,https://t.me/WeAreTDCI/1915
1916,How To Pray For A Nation - III,Niyi Adetiloye – How To Pray For A Nation - III,Niyi Adetiloye,15.08.2022 13:09:25 UTC+01:00,1:06:26,30.4 MB,https://t.me/WeAreTDCI/1916
1917,Calling Forth A Nation's Destiny,Niyi Adetiloye – Calling Forth A Nation's Destiny,Niyi Adetiloye,15.08.2022 13:09:25 UTC+01:00,1:48:17,49.5 MB,https://t.me/WeAreTDCI/1917
1918,Reigning By Spiritual Sacrifice,Niyi Adetiloye – Reigning By Spiritual Sacrifice,Niyi Adetiloye,15.08.2022 13:09:25 UTC+01:00,1:39:06,45.3 MB,https://t.me/WeAreTDCI/1918
1934,Gifts And Graces For Kingdom Service,Niyi Adetiloye – Gifts And Graces For Kingdom Service,Niyi Adetiloye,24.08.2022 19:06:41 UTC+01:00,1:40:34,46.0 MB,https://t.me/WeAreTDCI/1934
1935,Understanding Your Atmosphere,Niyi Adetiloye – Understanding Your Atmosphere,Niyi Adetiloye,24.08.2022 19:06:41 UTC+01:00,29:25,13.4 MB,https://t.me/WeAreTDCI/1935
1936,The Priesthood System,Busayo Oluwadunsin – The Priesthood System,Busayo Oluwadunsin,24.08.2022 19:06:41 UTC+01:00,1:15:47,34.7 MB,https://t.me/WeAreTDCI/1936
1950,Grace For Service - Sons In The House,Pastor Raphael Onilenla – Grace For Service - Sons In The House,Raphael Onilenla,07.09.2022 18:13:50 UTC+01:00,1:05:55,30.1 MB,https://t.me/WeAreTDCI/1950
1951,Translating Encounters To Testimony,Niyi Adetiloye – Translating Encounters To Testimony,Niyi Adetiloye,07.09.2022 18:15:14 UTC+01:00,2:15:41,62.1 MB,https://t.me/WeAreTDCI/1951
1952,Grace For Kingdom Service,Busayo Oluwadunsin – Grace For Kingdom Service,Busayo Oluwadunsin,07.09.2022 18:17:55 UTC+01:00,54:55,33.0 MB,https://t.me/WeAreTDCI/1952
1955,Applying The Blessing To Finances,Niyi Adetiloye – Applying The Blessing To Finances,Niyi Adetiloye,12.09.2022 21:54:00 UTC+01:00,1:22:18,37.6 MB,https://t.me/WeAreTDCI/1955
1956,Accessing Divine Financial Provision,Niyi Adetiloye – Accessing Divine Financial Provision,Niyi Adetiloye,12.09.2022 21:54:00 UTC+01:00,1:56:49,53.4 MB,https://t.me/WeAreTDCI/1956
1965,Applying The Blessing For Material Prosperity,Niyi Adetiloye – Applying The Blessing For Material Prosperity,Niyi Adetiloye,21.09.2022 18:21:12 UTC+01:00,1:15:00,34.3 MB,https://t.me/WeAreTDCI/1965
1966,Reigning by The Covenant,Niyi Adetiloye – Reigning by The Covenant,Niyi Adetiloye,21.09.2022 18:21:12 UTC+01:00,1:54:24,52.3 MB,https://t.me/WeAreTDCI/1966
1967,Maximizing Opportunities Till He Comes,Niyi Adetiloye – Maximizing Opportunities Till He Comes,Niyi Adetiloye,21.09.2022 18:21:12 UTC+01:00,46:42,21.3 MB,https://t.me/WeAreTDCI/1967
1968,Maximizing Opportunities Till He Comes - II,Niyi Adetiloye – Maximizing Opportunities Till He Comes - II,Niyi Adetiloye,21.09.2022 18:21:12 UTC+01:00,2:11:17,60.1 MB,https://t.me/WeAreTDCI/1968
1981,Biblical Giving,Niyi Adetiloye – Biblical Giving,Niyi Adetiloye,24.10.2022 19:13:57 UTC+01:00,1:13:21,33.5 MB,https://t.me/WeAreTDCI/1981
1982,Seeds That Unlock Financial Prosperity,Niyi Adetiloye –  Seeds That Unlock Financial Prosperity,Niyi Adetiloye,24.10.2022 19:13:57 UTC+01:00,1:29:18,40.8 MB,https://t.me/WeAreTDCI/1982
1983,The Gifts And Calling Of God,Niyi Adetiloye – The Gifts And Calling Of God,Niyi Adetiloye,24.10.2022 19:13:58 UTC+01:00,1:23:36,38.2 MB,https://t.me/WeAreTDCI/1983
1984,Operating The Covenant,Niyi Adetiloye – Operating The Covenant,Niyi Adetiloye,24.10.2022 19:14:47 UTC+01:00,34:56,15.9 MB,https://t.me/WeAreTDCI/1984
1987,Welcome Charge,Niyi Adetiloye – Welcome Charge,Niyi Adetiloye,25.10.2022 15:46:26 UTC+01:00,1:13:56,47.8 MB,https://t.me/WeAreTDCI/1987
1988,Mercy As The Allocation Of Grace,Pastor Toba Dada – Mercy As The Allocation Of Grace,Toba Dada,25.10.2022 15:46:26 UTC+01:00,1:04:14,44.9 MB,https://t.me/WeAreTDCI/1988
1989,Protocols to Cutting Covenant,Jide Olawoyin – Protocols to Cutting Covenant,Jide Olawoyin,25.10.2022 15:46:26 UTC+01:00,34:21,23.9 MB,https://t.me/WeAreTDCI/1989
1990,Our Need For Mercy,Raphael Onilenla – Our Need For Mercy,Raphael Onilenla,25.10.2022 15:46:26 UTC+01:00,28:08,17.1 MB,https://t.me/WeAreTDCI/1990
1991,The Remnant - The Company That Obtained Mercy,Niyi Adetiloye – The Remnant - The Company That Obtained Mercy,Niyi Adetiloye,25.10.2022 15:46:26 UTC+01:00,1:23:14,59.0 MB,https://t.me/WeAreTDCI/1991
1992,Understanding The New Era Of Revival And Righteousness,Busayo Oluwadunsin – Understanding The New Era Of Revival And Righteousness,Busayo Oluwadunsin,26.10.2022 12:46:20 UTC+01:00,38:50,26.9 MB,https://t.me/WeAreTDCI/1992
1993,Dealing of God's Mercy,Taiwo Ogunlowo – Dealing of God's Mercy,Taiwo Ogunlowo,26.10.2022 12:46:20 UTC+01:00,38:14,21.8 MB,https://t.me/WeAreTDCI/1993
1994,Mercy Defined,Niyi Adetiloye – Mercy Defined,Niyi Adetiloye,26.10.2022 12:46:20 UTC+01:00,2:00:38,69.0 MB,https://t.me/WeAreTDCI/1994
1995,The Seekers - The Generation That Finds Mercy,Niyi Adetiloye – The Seekers - The Generation That Finds Mercy,Niyi Adetiloye,26.10.2022 12:46:20 UTC+01:00,1:45:07,60.1 MB,https://t.me/WeAreTDCI/1995
1996,Tearing off Veils and Coverings,Pastor Toba Dada – Tearing off Veils and Coverings,Toba Dada,26.10.2022 12:46:20 UTC+01:00,34:58,20.0 MB,https://t.me/WeAreTDCI/1996
1997,A Purpose Of Mercy,Ayokunle Olusoji – A Purpose Of Mercy,Ayokunle Olusoji,26.10.2022 12:46:20 UTC+01:00,37:13,22.0 MB,https://t.me/WeAreTDCI/1997
1998,Covenant of Mercy,Bishop Shalom Adalumo – Covenant of Mercy,Bishop Shalom Adalumo,26.10.2022 12:46:20 UTC+01:00,40:04,23.9 MB,https://t.me/WeAreTDCI/1998
1999,Mercy That Furnishes Grace,Niyi Adetiloye – Mercy That Furnishes Grace,Niyi Adetiloye,26.10.2022 18:42:44 UTC+01:00,1:18:34,49.8 MB,https://t.me/WeAreTDCI/1999
2000,Kinds of Mercy,Niyi Adetiloye – Kinds of Mercy,Niyi Adetiloye,27.10.2022 07:38:25 UTC+01:00,1:48:24,62.0 MB,https://t.me/WeAreTDCI/2000
2001,Horns of Salvation,Niyi Adetiloye – Horns of Salvation,Niyi Adetiloye,27.10.2022 07:38:25 UTC+01:00,53:35,30.6 MB,https://t.me/WeAreTDCI/2001
2003,The Way of Faithfulness,Niyi Adetiloye – The Way of Faithfulness,Niyi Adetiloye,27.10.2022 08:11:37 UTC+01:00,2:05:53,72.0 MB,https://t.me/WeAreTDCI/2003
2004,What Can Be Your Unique Calling,Niyi Adetiloye – What Can Be Your Unique Calling,Niyi Adetiloye,27.10.2022 08:11:37 UTC+01:00,1:18:16,44.7 MB,https://t.me/WeAreTDCI/2004
2006,The Mighty Hand of God,Niyi Adetiloye – The Mighty Hand of God,Niyi Adetiloye,06.11.2022 20:44:02 UTC+01:00,1:46:21,48.6 MB,https://t.me/WeAreTDCI/2006
2007,What Can Be Your Uniqe Calling - II,Niyi Adetiloye – What Can Be Your Uniqe Calling - II,Niyi Adetiloye,06.11.2022 20:44:02 UTC+01:00,1:50:23,50.5 MB,https://t.me/WeAreTDCI/2007
2009,The Threshing Floor,Niyi Adetiloye – The Threshing Floor,Niyi Adetiloye,14.11.2022 12:28:27 UTC+01:00,58:16,33.3 MB,https://t.me/WeAreTDCI/2009
2010,Unique Callings Set In The Society,Niyi Adetiloye – Unique Callings Set In The Society,Niyi Adetiloye,14.11.2022 12:28:27 UTC+01:00,1:02:16,35.6 MB,https://t.me/WeAreTDCI/2010
2011,Ramoth Gilead [Purging Off Ahab],Niyi Adetiloye – Ramoth Gilead [Purging Off Ahab],Niyi Adetiloye,14.11.2022 12:28:28 UTC+01:00,1:43:41,59.3 MB,https://t.me/WeAreTDCI/2011
2012,Crucified With Christ,Niyi Adetiloye – Crucified With Christ,Niyi Adetiloye,14.11.2022 12:28:28 UTC+01:00,1:57:40,67.3 MB,https://t.me/WeAreTDCI/2012
2014,Kingdom Marriage And Family,Evangelist Busayo Oluwadunsin – Kingdom Marriage And Family,elist Busayo Oluwadunsin,23.11.2022 19:17:48 UTC+01:00,1:07:48,38.8 MB,https://t.me/WeAreTDCI/2014
2015,Nigeria's Prophetic Broadcast,Niyi Adetiloye – Nigeria's Prophetic Broadcast,Niyi Adetiloye,23.11.2022 19:17:48 UTC+01:00,39:52,22.8 MB,https://t.me/WeAreTDCI/2015
2016,Family And Marriage,Pastor Raphael Onilenla – Family And Marriage,Raphael Onilenla,23.11.2022 19:17:48 UTC+01:00,1:06:59,38.3 MB,https://t.me/WeAreTDCI/2016
2018,Singles' And Married's Guide to a Godly Home,Niyi Adetiloye – Singles' And Married's Guide to a Godly Home,Niyi Adetiloye,30.11.2022 18:35:42 UTC+01:00,1:50:33,50.6 MB,https://t.me/WeAreTDCI/2018
2019,God Most High,Niyi Adetiloye – God Most High,Niyi Adetiloye,30.11.2022 18:35:42 UTC+01:00,2:21:59,65.0 MB,https://t.me/WeAreTDCI/2019
2021,2022 Thanksgiving Service,Niyi Adetiloye – 2022 Thanksgiving Service,Niyi Adetiloye,08.12.2022 08:57:30 UTC+01:00,1:30:10,41.2 MB,https://t.me/WeAreTDCI/2021
2022,Faith Of The Son (Resurrected Life) & Conducting Self-Appraisal,Niyi Adetiloye – Faith Of The Son (Resurrected Life) & Conducting Self-Appraisal,Niyi Adetiloye,08.12.2022 08:57:30 UTC+01:00,1:13:56,33.8 MB,https://t.me/WeAreTDCI/2022
2023,Faith of The Son of God,Niyi Adetiloye – Faith of The Son of God,Niyi Adetiloye,08.12.2022 08:57:30 UTC+01:00,1:29:20,40.8 MB,https://t.me/WeAreTDCI/2023
2083,The Person Of The Christ,Niyi Adetiloye – The Person Of The Christ,Niyi Adetiloye,15.01.2023 09:06:31 UTC+01:00,1:30:28,41.4 MB,https://t.me/WeAreTDCI/2083
2084,Mercy And Grace Introduction,Niyi Adetiloye – Mercy And Grace Introduction,Niyi Adetiloye,15.01.2023 09:19:52 UTC+01:00,35:03,16.0 MB,https://t.me/WeAreTDCI/2084
2085,Mercy,Niyi Adetiloye – Mercy,Niyi Adetiloye,15.01.2023 09:19:52 UTC+01:00,1:24:41,38.7 MB,https://t.me/WeAreTDCI/2085
2086,Revelation of the Mercy of God - I,Niyi Adetiloye – Revelation of the Mercy of God - I,Niyi Adetiloye,15.01.2023 09:19:52 UTC+01:00,1:01:32,28.1 MB,https://t.me/WeAreTDCI/2086
2087,Kinds of Mercy - I,Niyi Adetiloye – Kinds of Mercy - I,Niyi Adetiloye,15.01.2023 09:19:52 UTC+01:00,2:16:15,62.3 MB,https://t.me/WeAreTDCI/2087
2088,Kinds of Mercy - II,Niyi Adetiloye – Kinds of Mercy - II,Niyi Adetiloye,15.01.2023 09:19:52 UTC+01:00,1:23:39,38.2 MB,https://t.me/WeAreTDCI/2088
2089,Mercy of God (Questions and Answers),Niyi Adetiloye – Mercy of God (Questions and Answers),Niyi Adetiloye,15.01.2023 09:19:52 UTC+01:00,1:44:39,47.9 MB,https://t.me/WeAreTDCI/2089
2090,Revelation of the Mercy of God - II,Niyi Adetiloye – Revelation of the Mercy of God - II,Niyi Adetiloye,15.01.2023 09:19:52 UTC+01:00,2:08:10,58.6 MB,https://t.me/WeAreTDCI/2090
2091,The Basics of The Gospel,Niyi Adetiloye – The Basics of The Gospel,Niyi Adetiloye,15.01.2023 09:20:44 UTC+01:00,48:17,22.1 MB,https://t.me/WeAreTDCI/2091
2156,The Basics of Salvation,Niyi Adetiloye – The Basics of Salvation,Niyi Adetiloye,25.01.2023 18:57:56 UTC+01:00,2:10:50,59.9 MB,https://t.me/WeAreTDCI/2156
2157,The Great Exchange - I,Niyi Adetiloye – The Great Exchange - I,Niyi Adetiloye,25.01.2023 18:57:56 UTC+01:00,1:08:12,31.2 MB,https://t.me/WeAreTDCI/2157
2158,The Great Exchange - II,Niyi Adetiloye – The Great Exchange - II,Niyi Adetiloye,25.01.2023 18:57:56 UTC+01:00,1:36:37,44.2 MB,https://t.me/WeAreTDCI/2158
2176,The Lordship of Jesus,Niyi Adetiloye – The Lordship of Jesus,Niyi Adetiloye,01.02.2023 18:59:42 UTC+01:00,1:23:31,38.2 MB,https://t.me/WeAreTDCI/2176
2177,Healing and Miracle Service -  January 2023,Niyi Adetiloye – Healing and Miracle Service -  January 2023,Niyi Adetiloye,01.02.2023 18:59:42 UTC+01:00,1:42:13,46.7 MB,https://t.me/WeAreTDCI/2177
2207,"Revelation, Education And Illumination","Niyi Adetiloye – Revelation, Education And Illumination",Niyi Adetiloye,15.02.2023 18:27:22 UTC+01:00,52:27,24.0 MB,https://t.me/WeAreTDCI/2207
2208,Basics of the Spiritual,Niyi Adetiloye – Basics of the Spiritual,Niyi Adetiloye,15.02.2023 18:27:22 UTC+01:00,41:54,19.1 MB,https://t.me/WeAreTDCI/2208
2209,The Ministry of the Saints,Niyi Adetiloye – The Ministry of the Saints,Niyi Adetiloye,15.02.2023 18:27:22 UTC+01:00,1:50:52,50.7 MB,https://t.me/WeAreTDCI/2209
2210,The Ministry of the Saints - II,Niyi Adetiloye – The Ministry of the Saints - II,Niyi Adetiloye,15.02.2023 18:27:22 UTC+01:00,1:29:15,40.8 MB,https://t.me/WeAreTDCI/2210
2211,The Life That Dominates,Niyi Adetiloye – The Life That Dominates,Niyi Adetiloye,15.02.2023 18:27:22 UTC+01:00,1:43:13,47.2 MB,https://t.me/WeAreTDCI/2211
2240,The Life That Dominates,Niyi Adetiloye – The Life That Dominates,Niyi Adetiloye,27.02.2023 20:18:30 UTC+01:00,1:43:13,47.2 MB,https://t.me/WeAreTDCI/2240
2241,Recognising The Voice of God,Niyi Adetiloye – Recognising The Voice of God,Niyi Adetiloye,27.02.2023 20:18:30 UTC+01:00,1:41:19,46.3 MB,https://t.me/WeAreTDCI/2241
2242,Growing Up Through Scriptures,Niyi Adetiloye – Growing Up Through Scriptures,Niyi Adetiloye,27.02.2023 20:18:30 UTC+01:00,1:30:17,41.3 MB,https://t.me/WeAreTDCI/2242
2296,Warring By Prophecy,Niyi Adetiloye – Warring By Prophecy,Niyi Adetiloye,18.03.2023 06:26:57 UTC+01:00,2:04:53,57.1 MB,https://t.me/WeAreTDCI/2296
2297,Consistent Spiritual Growth,Niyi Adetiloye – Consistent Spiritual Growth,Niyi Adetiloye,18.03.2023 06:26:57 UTC+01:00,1:49:54,50.3 MB,https://t.me/WeAreTDCI/2297
2298,Stewarding The Move of God,Niyi Adetiloye – Stewarding The Move of God,Niyi Adetiloye,18.03.2023 06:26:57 UTC+01:00,1:23:16,38.1 MB,https://t.me/WeAreTDCI/2298
2393,Sensitivity in a new season,Niyi Adetiloye – Sensitivity in a new season,Niyi Adetiloye,11.04.2023 09:08:01 UTC+01:00,1:23:12,38.0 MB,https://t.me/WeAreTDCI/2393
2394,Combining Prophecy and Wisdom,Niyi Adetiloye – Combining Prophecy and Wisdom,Niyi Adetiloye,11.04.2023 09:08:01 UTC+01:00,2:04:22,56.9 MB,https://t.me/WeAreTDCI/2394
2396,The Day Of Christ,Niyi Adetiloye – The Day Of Christ,Niyi Adetiloye,11.04.2023 09:08:01 UTC+01:00,2:10:39,59.8 MB,https://t.me/WeAreTDCI/2396
2397,The Evening And The Morning - I,Niyi Adetiloye – The Evening And The Morning - I,Niyi Adetiloye,11.04.2023 09:08:01 UTC+01:00,2:03:23,56.4 MB,https://t.me/WeAreTDCI/2397
2398,And The Evening And The Morning - II,Niyi Adetiloye – And The Evening And The Morning - II,Niyi Adetiloye,11.04.2023 09:08:01 UTC+01:00,1:07:17,30.8 MB,https://t.me/WeAreTDCI/2398
2399,Rising of Kings,Niyi Adetiloye – Rising of Kings,Niyi Adetiloye,11.04.2023 09:08:01 UTC+01:00,1:34:08,43.0 MB,https://t.me/WeAreTDCI/2399
2400,Indicators and Barriers of A New Day,Niyi Adetiloye – Indicators and Barriers of A New Day,Niyi Adetiloye,11.04.2023 09:08:01 UTC+01:00,2:01:02,55.4 MB,https://t.me/WeAreTDCI/2400
2404,Raised Us Up Together,Niyi Adetiloye – Raised Us Up Together,Niyi Adetiloye,12.04.2023 18:43:13 UTC+01:00,38:55,17.8 MB,https://t.me/WeAreTDCI/2404
2446,Spiritual Sensitivity,Niyi Adetiloye – Spiritual Sensitivity,Niyi Adetiloye,21.04.2023 15:56:20 UTC+01:00,1:10:46,32.4 MB,https://t.me/WeAreTDCI/2446
2447,Spirit Empowerment,Busayo Oluwadunsin – Spirit Empowerment,Busayo Oluwadunsin,21.04.2023 15:56:20 UTC+01:00,1:13:28,33.6 MB,https://t.me/WeAreTDCI/2447
2448,The Holy Ghost And The New Day,Pastor Raphael Onilenla – The Holy Ghost And The New Day,Raphael Onilenla,21.04.2023 15:56:20 UTC+01:00,1:03:24,29.0 MB,https://t.me/WeAreTDCI/2448
2463,Niyi Adetiloye.ogg,The Operations Of God - Niyi Adetiloye.ogg,The Operations Of God,24.04.2023 18:13:56 UTC+01:00,39:53,13.6 MB,https://t.me/WeAreTDCI/2463
2473,Consecration,Niyi Adetiloye – Consecration,Niyi Adetiloye,26.04.2023 18:58:42 UTC+01:00,1:30:27,41.4 MB,https://t.me/WeAreTDCI/2473
2506,Anointed With Holy Ghost And Power,Niyi Adetiloye – Anointed With Holy Ghost And Power,Niyi Adetiloye,03.05.2023 18:20:44 UTC+01:00,1:39:52,45.7 MB,https://t.me/WeAreTDCI/2506
2535,CHOSEN WITNESSES - THEME EXPOSITION - I,PASTOR NIYI ADETILOYE – CHOSEN WITNESSES - THEME EXPOSITION - I,NIYI ADETILOYE,10.05.2023 17:14:56 UTC+01:00,51:12,23.4 MB,https://t.me/WeAreTDCI/2535
2536,CHOSEN WITNESSES - THEME EXPOSITION - II,PASTOR NIYI ADETILOYE – CHOSEN WITNESSES - THEME EXPOSITION - II,NIYI ADETILOYE,10.05.2023 17:16:27 UTC+01:00,2:35:32,71.2 MB,https://t.me/WeAreTDCI/2536
2537,Because He Has Anointed Me,Niyi Adetiloye – Because He Has Anointed Me,Niyi Adetiloye,10.05.2023 17:17:11 UTC+01:00,1:24:57,38.8 MB,https://t.me/WeAreTDCI/2537
2563,Spirit of Life,Pastor Raphael Onilenla – Spirit of Life,Raphael Onilenla,15.05.2023 19:22:42 UTC+01:00,1:25:50,39.3 MB,https://t.me/WeAreTDCI/2563
2564,These Signs Shall Follow,Niyi Adetiloye – These Signs Shall Follow,Niyi Adetiloye,15.05.2023 19:26:25 UTC+01:00,1:55:26,52.8 MB,https://t.me/WeAreTDCI/2564
2565,Redigging The Wells,Niyi Adetiloye – Redigging The Wells,Niyi Adetiloye,15.05.2023 19:35:14 UTC+01:00,2:26:18,66.9 MB,https://t.me/WeAreTDCI/2565
2566,Redigging The Wells - II,Niyi Adetiloye – Redigging The Wells - II,Niyi Adetiloye,15.05.2023 19:46:42 UTC+01:00,1:43:39,47.4 MB,https://t.me/WeAreTDCI/2566
2603,Tools For Evangelism,Niyi Adetiloye – Tools For Evangelism,Niyi Adetiloye,24.05.2023 18:44:56 UTC+01:00,1:49:43,50.2 MB,https://t.me/WeAreTDCI/2603
2604,Manual of Consecration,Niyi Adetiloye – Manual of Consecration,Niyi Adetiloye,24.05.2023 19:02:02 UTC+01:00,1:08:11,31.2 MB,https://t.me/WeAreTDCI/2604
2605,Manual of Consecration - II,Niyi Adetiloye – Manual of Consecration - II,Niyi Adetiloye,24.05.2023 19:03:58 UTC+01:00,52:43,24.1 MB,https://t.me/WeAreTDCI/2605
2710,Maximizing Evangelism Tools,Niyi Adetiloye – Maximizing Evangelism Tools,Niyi Adetiloye,18.06.2023 18:35:54 UTC+01:00,1:35:23,43.6 MB,https://t.me/WeAreTDCI/2710
2711,God of All Flesh,Pastor Raphael Onilenla – God of All Flesh,Raphael Onilenla,18.06.2023 18:38:11 UTC+01:00,1:50:37,50.6 MB,https://t.me/WeAreTDCI/2711
2712,The Act Of Forgiveness,Niyi Adetiloye – The Act Of Forgiveness,Niyi Adetiloye,18.06.2023 18:42:17 UTC+01:00,1:45:22,48.2 MB,https://t.me/WeAreTDCI/2712
2713,Forgiving One Another,Busayo Oluwadunsin – Forgiving One Another,Busayo Oluwadunsin,18.06.2023 18:45:24 UTC+01:00,1:08:52,31.5 MB,https://t.me/WeAreTDCI/2713
2714,Overcoming Temptations,Niyi Adetiloye – Overcoming Temptations,Niyi Adetiloye,18.06.2023 18:52:30 UTC+01:00,1:51:07,50.8 MB,https://t.me/WeAreTDCI/2714
2715,Unmasking The Serpent,Niyi Adetiloye – Unmasking The Serpent,Niyi Adetiloye,18.06.2023 18:54:13 UTC+01:00,1:06:05,30.2 MB,https://t.me/WeAreTDCI/2715
2728,Forgiving Others And Its Impact On Christian Unity,Niyi Adetiloye – Forgiving Others And Its Impact On Christian Unity,Niyi Adetiloye,20.06.2023 18:08:24 UTC+01:00,29:10,13.3 MB,https://t.me/WeAreTDCI/2728
2730,Forgiving Others Validates Our Christian Witness,Niyi Adetiloye – Forgiving Others Validates Our Christian Witness,Niyi Adetiloye,20.06.2023 18:55:44 UTC+01:00,26:14,12.0 MB,https://t.me/WeAreTDCI/2730
2740,Leveraging Grace For Healthy Relationships,Niyi Adetiloye – Leveraging Grace For Healthy Relationships,Niyi Adetiloye,22.06.2023 19:15:18 UTC+01:00,1:52:59,51.7 MB,https://t.me/WeAreTDCI/2740
2741,Forgiving Other Sustains Your Flow In The Spirit,Niyi Adetiloye – Forgiving Other Sustains Your Flow In The Spirit,Niyi Adetiloye,22.06.2023 19:17:36 UTC+01:00,32:27,14.8 MB,https://t.me/WeAreTDCI/2741
2746,Securing Answer To Your Prayer,Niyi Adetiloye – Securing Answer To Your Prayer,Niyi Adetiloye,23.06.2023 18:16:10 UTC+01:00,27:36,12.6 MB,https://t.me/WeAreTDCI/2746
2757,Unmasking The Serpent - II,Niyi Adetiloye – Unmasking The Serpent - II,Niyi Adetiloye,26.06.2023 17:53:53 UTC+01:00,2:29:26,68.4 MB,https://t.me/WeAreTDCI/2757
2758,He Restores My Soul,Niyi Adetiloye – He Restores My Soul,Niyi Adetiloye,26.06.2023 18:02:07 UTC+01:00,34:13,15.6 MB,https://t.me/WeAreTDCI/2758
2767,Sowing Forgiveness To Reap Favour,Niyi Adetiloye – Sowing Forgiveness To Reap Favour,Niyi Adetiloye,28.06.2023 18:14:52 UTC+01:00,34:41,15.8 MB,https://t.me/WeAreTDCI/2767
2787,Healing and Miracle Service June 2023,Niyi Adetiloye – Healing and Miracle Service June 2023,Niyi Adetiloye,02.07.2023 17:39:12 UTC+01:00,1:15:52,34.7 MB,https://t.me/WeAreTDCI/2787
2788,Life's Trials And Triumph,Niyi Adetiloye – Life's Trials And Triumph,Niyi Adetiloye,02.07.2023 17:40:16 UTC+01:00,2:03:49,56.6 MB,https://t.me/WeAreTDCI/2788
2793,War Against The Soul - I,Niyi Adetiloye – War Against The Soul - I,Niyi Adetiloye,03.07.2023 17:43:54 UTC+01:00,30:02,13.7 MB,https://t.me/WeAreTDCI/2793
2794,Fasting That Births A New Season,Niyi Adetiloye – Fasting That Births A New Season,Niyi Adetiloye,03.07.2023 18:00:39 UTC+01:00,1:21:22,37.2 MB,https://t.me/WeAreTDCI/2794
2795,Praise Breaks The Seal Of Seasons,Niyi Adetiloye – Praise Breaks The Seal Of Seasons,Niyi Adetiloye,03.07.2023 18:08:17 UTC+01:00,40:56,18.7 MB,https://t.me/WeAreTDCI/2795
2802,Fill Your Bowl Of Thanksgiving,Niyi Adetiloye – Fill Your Bowl Of Thanksgiving,Niyi Adetiloye,04.07.2023 18:14:17 UTC+01:00,43:16,19.8 MB,https://t.me/WeAreTDCI/2802
2808,The Prophetic Gifts,Niyi Adetiloye – The Prophetic Gifts,Niyi Adetiloye,05.07.2023 18:51:21 UTC+01:00,35:29,39.9 MB,https://t.me/WeAreTDCI/2808
2813,Manifestation Of The Lord,Niyi Adetiloye – Manifestation Of The Lord,Niyi Adetiloye,06.07.2023 17:43:55 UTC+01:00,27:10,27.2 MB,https://t.me/WeAreTDCI/2813
2833,"Gifts, Ministries And Operations","Niyi Adetiloye – Gifts, Ministries And Operations",Niyi Adetiloye,10.07.2023 17:51:24 UTC+01:00,27:42,29.6 MB,https://t.me/WeAreTDCI/2833
2834,Saviours From Zion,Niyi Adetiloye – Saviours From Zion,Niyi Adetiloye,10.07.2023 18:17:44 UTC+01:00,41:52,34.6 MB,https://t.me/WeAreTDCI/2834
2835,Saviours From Zion - II,Pastor Niyi Adetiloye – Saviours From Zion - II,Niyi Adetiloye,10.07.2023 18:43:20 UTC+01:00,2:19:29,150.5 MB,https://t.me/WeAreTDCI/2835
2836,War Against The Soul - II,Niyi Adetiloye – War Against The Soul - II,Niyi Adetiloye,10.07.2023 18:52:37 UTC+01:00,1:36:32,44.1 MB,https://t.me/WeAreTDCI/2836
2837,Appereance of Grace,Niyi Adetiloye – Appereance of Grace,Niyi Adetiloye,10.07.2023 19:21:20 UTC+01:00,51:38,23.6 MB,https://t.me/WeAreTDCI/2837
2843,Discovering Your Spiritual Gifts,Niyi Adetiloye – Discovering Your Spiritual Gifts,Niyi Adetiloye,11.07.2023 18:01:13 UTC+01:00,39:03,17.8 MB,https://t.me/WeAreTDCI/2843
2867,Sharpening Your Christian Duty,Niyi Adetiloye – Sharpening Your Christian Duty,Niyi Adetiloye,17.07.2023 19:35:06 UTC+01:00,34:55,36.6 MB,https://t.me/WeAreTDCI/2867
2871,The Spirit of Prophecy,Niyi Adetiloye – The Spirit of Prophecy,Niyi Adetiloye,18.07.2023 17:45:36 UTC+01:00,1:25:41,39.2 MB,https://t.me/WeAreTDCI/2871
2873,Ye May Prophesy,Niyi Adetiloye – Ye May Prophesy,Niyi Adetiloye,18.07.2023 18:23:18 UTC+01:00,49:29,22.6 MB,https://t.me/WeAreTDCI/2873
2883,The Victorious Life,Niyi Adetiloye – The Victorious Life,Niyi Adetiloye,20.07.2023 17:50:15 UTC+01:00,1:10:22,32.2 MB,https://t.me/WeAreTDCI/2883
2885,The Prophetic Gifts,Pastor Raphael Onilenla – The Prophetic Gifts,Raphael Onilenla,20.07.2023 18:45:00 UTC+01:00,1:19:55,36.5 MB,https://t.me/WeAreTDCI/2885
2904,Visions And Dreams As Prophetic Tools,Niyi Adetiloye – Visions And Dreams As Prophetic Tools,Niyi Adetiloye,25.07.2023 17:09:23 UTC+01:00,31:27,14.4 MB,https://t.me/WeAreTDCI/2904
2905,Activating The Prophetic,Niyi Adetiloye – Activating The Prophetic,Niyi Adetiloye,25.07.2023 17:55:59 UTC+01:00,44:09,20.2 MB,https://t.me/WeAreTDCI/2905
2909,The Reign of Grace - I,Niyi Adetiloye – The Reign of Grace - I,Niyi Adetiloye,25.07.2023 18:34:45 UTC+01:00,1:12:20,33.1 MB,https://t.me/WeAreTDCI/2909
2910,The Reign of Grace - II,Niyi Adetiloye – The Reign of Grace - II,Niyi Adetiloye,25.07.2023 18:34:46 UTC+01:00,32:54,15.0 MB,https://t.me/WeAreTDCI/2910
2911,Prophesying To Convey Signs And Wonders,Niyi Adetiloye – Prophesying To Convey Signs And Wonders,Niyi Adetiloye,25.07.2023 19:06:51 UTC+01:00,57:12,26.1 MB,https://t.me/WeAreTDCI/2911
2921,Samuel And Naioth Model of Activating Gifts,Niyi Adetiloye – Samuel And Naioth Model of Activating Gifts,Niyi Adetiloye,27.07.2023 18:27:39 UTC+01:00,53:41,24.5 MB,https://t.me/WeAreTDCI/2921
2932,Prophecy As A Vehicle for Words of Knowledge and Wisdom,Niyi Adetiloye – Prophecy As A Vehicle for Words of Knowledge and Wisdom,Niyi Adetiloye,31.07.2023 09:54:30 UTC+01:00,52:49,24.1 MB,https://t.me/WeAreTDCI/2932
2935,Samuel-Naioth Model of Activating Gifts and Ministries - II,Niyi Adetiloye – Samuel-Naioth Model of Activating Gifts and Ministries - II,Niyi Adetiloye,31.07.2023 18:21:46 UTC+01:00,46:13,21.1 MB,https://t.me/WeAreTDCI/2935
2936,The Reign Of Grace - III,Niyi Adetiloye – The Reign Of Grace - III,Niyi Adetiloye,31.07.2023 18:50:22 UTC+01:00,1:06:47,30.5 MB,https://t.me/WeAreTDCI/2936
2955,Authenticating The Prophetic,Niyi Adetiloye – Authenticating The Prophetic,Niyi Adetiloye,04.08.2023 01:58:24 UTC+01:00,1:30:49,80.8 MB,https://t.me/WeAreTDCI/2955
2961,Authenticating The Prophetic - II,Niyi Adetiloye – Authenticating The Prophetic - II,Niyi Adetiloye,06.08.2023 18:47:04 UTC+01:00,1:38:08,44.9 MB,https://t.me/WeAreTDCI/2961
3019,Fellowshipping with the Spirit,Niyi Adetiloye – Fellowshipping with the Spirit,Niyi Adetiloye,24.08.2023 14:13:42 UTC+01:00,42:57,46.4 MB,https://t.me/WeAreTDCI/3019
3020,How God Builds People,Niyi Adetiloye – How God Builds People,Niyi Adetiloye,24.08.2023 14:26:17 UTC+01:00,1:28:37,93.7 MB,https://t.me/WeAreTDCI/3020
3021,4 Ways You Must Learn From Your Mentor,Niyi Adetiloye – 4 Ways You Must Learn From Your Mentor,Niyi Adetiloye,24.08.2023 15:50:57 UTC+01:00,22:20,28.3 MB,https://t.me/WeAreTDCI/3021
3022,Service & Profit,Pastor Raphael Onilenla – Service & Profit,Raphael Onilenla,24.08.2023 17:20:44 UTC+01:00,1:12:05,72.5 MB,https://t.me/WeAreTDCI/3022
3024,5 Kinds Of Destiny Teachers You Must Learn From To Keep Aligned,Niyi Adetiloye – 5 Kinds Of Destiny Teachers You Must Learn From To Keep Aligned,Niyi Adetiloye,24.08.2023 18:36:57 UTC+01:00,59:55,72.7 MB,https://t.me/WeAreTDCI/3024
3025,7 Impacts of Your Mentor's Teaching On Your Destiny,Niyi Adetiloye – 7 Impacts of Your Mentor's Teaching On Your Destiny,Niyi Adetiloye,24.08.2023 18:43:20 UTC+01:00,58:13,74.6 MB,https://t.me/WeAreTDCI/3025
3026,The Concept of Accountability to Authority,Niyi Adetiloye – The Concept of Accountability to Authority,Niyi Adetiloye,24.08.2023 18:46:52 UTC+01:00,40:26,51.3 MB,https://t.me/WeAreTDCI/3026
3027,When To Confer With Flesh And Blood,Niyi Adetiloye – When To Confer With Flesh And Blood,Niyi Adetiloye,24.08.2023 18:48:32 UTC+01:00,43:14,53.1 MB,https://t.me/WeAreTDCI/3027
3057,The Life of Christ,Niyi Adetiloye – The Life of Christ,Niyi Adetiloye,01.09.2023 00:58:09 UTC+01:00,1:36:43,44.2 MB,https://t.me/WeAreTDCI/3057
3058,Saints' Ministry Beyond Walls,Evangelist Busayo Oluwadunsin – Saints' Ministry Beyond Walls,elist Busayo Oluwadunsin,01.09.2023 01:03:03 UTC+01:00,1:04:32,29.5 MB,https://t.me/WeAreTDCI/3058
3073,The Life of Christ Charge.mp3,The Life of Christ Charge.mp3,Pastor Niyi Adetiloye,05.09.2023 01:26:24 UTC+01:00,37:44,39.0 MB,https://t.me/WeAreTDCI/3073
3097,THE BOOK OF REMEMBRANCE AND VISITATIONS,NIYI ADETILOYE – THE BOOK OF REMEMBRANCE AND VISITATIONS,NIYI ADETILOYE,12.09.2023 20:14:43 UTC+01:00,27:41,12.6 MB,https://t.me/WeAreTDCI/3097
3102,Kingdom Financial Stewardship - II,Niyi Adetiloye – Kingdom Financial Stewardship - II,Niyi Adetiloye,13.09.2023 19:48:55 UTC+01:00,1:02:34,28.6 MB,https://t.me/WeAreTDCI/3102
3110,Conceptualizing The Vision,NIYI ADETILOYE – Conceptualizing The Vision,NIYI ADETILOYE,15.09.2023 11:13:52 UTC+01:00,49:28,62.8 MB,https://t.me/WeAreTDCI/3110
3141,Knowing The El-Shaddai (Breaking Free From Mammon),Niyi Adetiloye – Knowing The El-Shaddai (Breaking Free From Mammon),Niyi Adetiloye,22.09.2023 18:20:16 UTC+01:00,1:23:08,47.5 MB,https://t.me/WeAreTDCI/3141
3142,Tithing (Expressing The God-first Mentality),Niyi Adetiloye – Tithing (Expressing The God-first Mentality),Niyi Adetiloye,22.09.2023 18:20:46 UTC+01:00,37:22,21.3 MB,https://t.me/WeAreTDCI/3142
3143,"3 Increases Yielded by The Earth - Bread, Seed and Righteousness…","Niyi Adetiloye – 3 Increases Yielded by The Earth - Bread, Seed and Righteousness…",Niyi Adetiloye,22.09.2023 18:21:13 UTC+01:00,31:16,17.8 MB,https://t.me/WeAreTDCI/3143
3243,Kingdom Financial Stewardship,Niyi Adetiloye – Kingdom Financial Stewardship,Niyi Adetiloye,19.10.2023 13:49:25 UTC+01:00,1:06:43,38.1 MB,https://t.me/WeAreTDCI/3243
3244,Saints' Ministry Beyond Walls,Evangelist Busayo Oluwadunsin – Saints' Ministry Beyond Walls,elist Busayo Oluwadunsin,19.10.2023 13:58:49 UTC+01:00,1:07:45,38.7 MB,https://t.me/WeAreTDCI/3244
3245,The Church and Nation (Territorial Teaching),Niyi Adetiloye – The Church and Nation (Territorial Teaching),Niyi Adetiloye,19.10.2023 14:14:29 UTC+01:00,50:33,28.9 MB,https://t.me/WeAreTDCI/3245
3246,The Life of Christ Charge,Pastor Raphael Onilenla – The Life of Christ Charge,Raphael Onilenla,19.10.2023 14:16:29 UTC+01:00,37:44,21.6 MB,https://t.me/WeAreTDCI/3246
3247,The Life of Christ,Niyi Adetiloye – The Life of Christ,Niyi Adetiloye,19.10.2023 15:54:28 UTC+01:00,1:36:43,55.3 MB,https://t.me/WeAreTDCI/3247
3248,Whatsoever Ye Desire,Niyi Adetiloye – Whatsoever Ye Desire,Niyi Adetiloye,19.10.2023 15:55:11 UTC+01:00,59:12,33.8 MB,https://t.me/WeAreTDCI/3248
3263,Earnestly Contend,Niyi Adetiloye – Earnestly Contend,Niyi Adetiloye,24.10.2023 12:41:21 UTC+01:00,2:53:08,99.0 MB,https://t.me/WeAreTDCI/3263
3264,Giving Dilligence To Our Common Salvation,Niyi Adetiloye – Giving Dilligence To Our Common Salvation,Niyi Adetiloye,24.10.2023 12:42:13 UTC+01:00,1:37:33,55.8 MB,https://t.me/WeAreTDCI/3264
3265,Impartation Session,Niyi Adetiloye – Impartation Session,Niyi Adetiloye,24.10.2023 12:43:08 UTC+01:00,43:37,24.9 MB,https://t.me/WeAreTDCI/3265
3274,The Kingdom Vision,Busayo Oluwadunsin – The Kingdom Vision,Busayo Oluwadunsin,26.10.2023 12:14:34 UTC+01:00,1:06:00,37.7 MB,https://t.me/WeAreTDCI/3274
3275,God's Purpose and Our Calling,Niyi Adetiloye – God's Purpose and Our Calling,Niyi Adetiloye,26.10.2023 12:17:19 UTC+01:00,1:19:34,45.5 MB,https://t.me/WeAreTDCI/3275
3291,Opening Message,Niyi Adetiloye – Opening Message,Niyi Adetiloye,31.10.2023 09:53:38 UTC+01:00,1:03:06,36.1 MB,https://t.me/WeAreTDCI/3291
3292,Jesus - The Totality of God's Names,Pastor Niyi Adetiloye – Jesus - The Totality of God's Names,Niyi Adetiloye,31.10.2023 09:54:21 UTC+01:00,1:22:30,47.2 MB,https://t.me/WeAreTDCI/3292
3293,When God Reveals Himself,Niyi Adetiloye – When God Reveals Himself,Niyi Adetiloye,31.10.2023 10:04:18 UTC+01:00,1:51:46,63.9 MB,https://t.me/WeAreTDCI/3293
3294,Roles of God's Name,Niyi Adetiloye – Roles of God's Name,Niyi Adetiloye,31.10.2023 10:04:58 UTC+01:00,1:15:39,43.2 MB,https://t.me/WeAreTDCI/3294
3295,Living In The Name of Jesus,Niyi Adetiloye – Living In The Name of Jesus,Niyi Adetiloye,31.10.2023 10:05:46 UTC+01:00,1:40:51,57.7 MB,https://t.me/WeAreTDCI/3295
3296,Building Territorial Strong Towers,Niyi Adetiloye – Building Territorial Strong Towers,Niyi Adetiloye,31.10.2023 10:06:52 UTC+01:00,1:43:41,59.3 MB,https://t.me/WeAreTDCI/3296
3297,Agreeing With His Name,Pastor Taiwo Ogunlowo – Agreeing With His Name,Taiwo Ogunlowo,31.10.2023 10:08:45 UTC+01:00,40:19,23.0 MB,https://t.me/WeAreTDCI/3297
3298,Accurate Interaction With The Name Of The Lord,Pastor Emeka Agbugba – Accurate Interaction With The Name Of The Lord,Emeka Agbugba,31.10.2023 10:11:12 UTC+01:00,40:53,23.4 MB,https://t.me/WeAreTDCI/3298
3299,Experiences In The Glory,Niyi Adetiloye – Experiences In The Glory,Niyi Adetiloye,31.10.2023 14:42:44 UTC+01:00,1:22:14,85.0 MB,https://t.me/WeAreTDCI/3299
3323,The Rest of God - I,Niyi Adetiloye – The Rest of God - I,Niyi Adetiloye,05.11.2023 14:56:20 UTC+01:00,2:02:00,69.8 MB,https://t.me/WeAreTDCI/3323
3324,The Rest of God - II,Niyi Adetiloye – The Rest of God - II,Niyi Adetiloye,05.11.2023 14:57:05 UTC+01:00,1:20:40,46.1 MB,https://t.me/WeAreTDCI/3324
3325,Transitioning From Single To Spouse And Parent.mp3,Niyi Adetiloye – Transitioning From Single To Spouse And Parent.mp3,Niyi Adetiloye,05.11.2023 15:14:32 UTC+01:00,1:12:44,41.6 MB,https://t.me/WeAreTDCI/3325
3352,Experiences In The Glory - II,Niyi Adetiloye – Experiences In The Glory - II,Niyi Adetiloye,15.11.2023 11:20:21 UTC+01:00,30:39,26.0 MB,https://t.me/WeAreTDCI/3352
3353,The Results of Waiting on The Lord,Niyi Adetiloye – The Results of Waiting on The Lord,Niyi Adetiloye,15.11.2023 11:24:05 UTC+01:00,1:44:02,59.5 MB,https://t.me/WeAreTDCI/3353
3354,Put On Strength On The Journey Of Purpose,Niyi Adetiloye – Put On Strength On The Journey Of Purpose,Niyi Adetiloye,15.11.2023 11:24:47 UTC+01:00,1:15:46,43.3 MB,https://t.me/WeAreTDCI/3354
3355,The Coming of The Eternal King,Niyi Adetiloye – The Coming of The Eternal King,Niyi Adetiloye,15.11.2023 11:28:41 UTC+01:00,1:57:06,26.8 MB,https://t.me/WeAreTDCI/3355
3356,Word Charge & Prayers,Niyi Adetiloye – Word Charge & Prayers,Niyi Adetiloye,15.11.2023 15:08:15 UTC+01:00,1:17:28,65.4 MB,https://t.me/WeAreTDCI/3356
3367,Transitioning From Single To Spouse & Parent - II,Niyi Adetiloye – Transitioning From Single To Spouse & Parent - II,Niyi Adetiloye,17.11.2023 18:58:13 UTC+01:00,1:31:30,52.3 MB,https://t.me/WeAreTDCI/3367
3376,My Glory and Lifter,Niyi Adetiloye – My Glory and Lifter,Niyi Adetiloye,21.11.2023 16:30:57 UTC+01:00,1:08:56,39.4 MB,https://t.me/WeAreTDCI/3376
3383,The Most Critical Skills in Marriage,Niyi Adetiloye – The Most Critical Skills in Marriage,Niyi Adetiloye,22.11.2023 19:09:21 UTC+01:00,1:13:01,77.1 MB,https://t.me/WeAreTDCI/3383
3401,Glory Ways,Pastor Raphael Onilenla – Glory Ways,Raphael Onilenla,28.11.2023 13:57:00 UTC+01:00,49:47,28.4 MB,https://t.me/WeAreTDCI/3401
3409,The Most Critical Skills In Marriage - II,Niyi Adetiloye – The Most Critical Skills In Marriage - II,Niyi Adetiloye,29.11.2023 22:48:53 UTC+01:00,1:21:48,46.8 MB,https://t.me/WeAreTDCI/3409
3429,Teach Us To Number Our Days,Niyi Adetiloye – Teach Us To Number Our Days,Niyi Adetiloye,03.12.2023 14:06:54 UTC+01:00,1:35:30,54.6 MB,https://t.me/WeAreTDCI/3429
3445,Personal Retreat And Planning.mp3,Niyi Adetiloye – Personal Retreat And Planning.mp3,Niyi Adetiloye,06.12.2023 18:48:33 UTC+01:00,1:18:38,45.0 MB,https://t.me/WeAreTDCI/3445
3461,Thanksgiving Service,Niyi Adetiloye – Thanksgiving Service,Niyi Adetiloye,11.12.2023 12:37:00 UTC+01:00,32:55,36.6 MB,https://t.me/WeAreTDCI/3461
3474,Accessing God's Will For One's Life,Evang. Busayo Oluwadunsin – Accessing God's Will For One's Life,Evang. Busayo Oluwadunsin,13.12.2023 18:38:40 UTC+01:00,1:06:02,37.7 MB,https://t.me/WeAreTDCI/3474
3499,You Can Trust Jesus,Niyi Adetiloye – You Can Trust Jesus,Niyi Adetiloye,20.12.2023 18:57:30 UTC+01:00,42:13,24.1 MB,https://t.me/WeAreTDCI/3499
3516,Jesus And Christmas,Pastor Raphael Onilenla – Jesus And Christmas,Raphael Onilenla,26.12.2023 11:38:07 UTC+01:00,40:36,23.2 MB,https://t.me/WeAreTDCI/3516
3517,2024 - What Seest Thou,Niyi Adetiloye – 2024 - What Seest Thou,Niyi Adetiloye,26.12.2023 11:38:58 UTC+01:00,56:46,32.4 MB,https://t.me/WeAreTDCI/3517
3522,Proximity To God,Niyi Adetiloye – Proximity To God,Niyi Adetiloye,31.12.2023 13:30:47 UTC+01:00,1:19:10,45.3 MB,https://t.me/WeAreTDCI/3522
3555,Aids to Revelation,Niyi Adetiloye – Aids to Revelation,Niyi Adetiloye,10.01.2024 11:36:45 UTC+01:00,1:39:01,56.6 MB,https://t.me/WeAreTDCI/3555
3556,How Power Flows Out Through The Church To Our Territory,Niyi Adetiloye – How Power Flows Out Through The Church To Our Territory,Niyi Adetiloye,10.01.2024 11:37:23 UTC+01:00,29:31,16.9 MB,https://t.me/WeAreTDCI/3556
3557,Making A Name For Jesus,Niyi Adetiloye – Making A Name For Jesus,Niyi Adetiloye,10.01.2024 11:38:13 UTC+01:00,1:00:42,34.7 MB,https://t.me/WeAreTDCI/3557
3558,Measures Of Spiritual Power For Territorial Takeover,Niyi Adetiloye – Measures Of Spiritual Power For Territorial Takeover,Niyi Adetiloye,10.01.2024 11:40:20 UTC+01:00,2:22:58,81.8 MB,https://t.me/WeAreTDCI/3558
3559,Recognizing The New,Evang. Busayo Oluwadunsin – Recognizing The New,Evang. Busayo Oluwadunsin,10.01.2024 11:41:38 UTC+01:00,1:47:31,61.5 MB,https://t.me/WeAreTDCI/3559
3560,Proclaiming The Name Of Jesus,Busayo Oluwadunsin – Proclaiming The Name Of Jesus,Busayo Oluwadunsin,10.01.2024 11:45:19 UTC+01:00,31:18,17.9 MB,https://t.me/WeAreTDCI/3560
3563,Cost of Discipleship,Niyi Adetiloye – Cost of Discipleship,Niyi Adetiloye,10.01.2024 18:06:20 UTC+01:00,3:06:02,55.8 MB,https://t.me/WeAreTDCI/3563
3564,Prayer Uproar - Power Over Satanic Gatekeepers,Niyi Adetiloye – Prayer Uproar - Power Over Satanic Gatekeepers,Niyi Adetiloye,10.01.2024 18:06:43 UTC+01:00,54:26,15.7 MB,https://t.me/WeAreTDCI/3564
3565,Spiritual Slothfulness,Niyi Adetiloye – Spiritual Slothfulness,Niyi Adetiloye,10.01.2024 18:07:27 UTC+01:00,2:29:44,29.7 MB,https://t.me/WeAreTDCI/3565
3566,Tabernacle of David - I,Niyi Adetiloye – Tabernacle of David - I,Niyi Adetiloye,10.01.2024 18:07:58 UTC+01:00,1:47:15,22.6 MB,https://t.me/WeAreTDCI/3566
3567,Tabernacle of David - II,Niyi Adetiloye – Tabernacle of David - II,Niyi Adetiloye,10.01.2024 18:08:29 UTC+01:00,1:48:32,21.8 MB,https://t.me/WeAreTDCI/3567
3568,Tabernacle of David - III,Niyi Adetiloye – Tabernacle of David - III,Niyi Adetiloye,10.01.2024 18:09:38 UTC+01:00,2:26:53,31.3 MB,https://t.me/WeAreTDCI/3568
3569,"The God of Abraham, Isaac and Jacob - I","Niyi Adetiloye – The God of Abraham, Isaac and Jacob - I",Niyi Adetiloye,10.01.2024 18:10:26 UTC+01:00,1:45:59,27.3 MB,https://t.me/WeAreTDCI/3569
3570,"The God of Abraham, Isaac and Jacob -  II","Niyi Adetiloye – The God of Abraham, Isaac and Jacob -  II",Niyi Adetiloye,10.01.2024 18:11:31 UTC+01:00,1:52:12,28.9 MB,https://t.me/WeAreTDCI/3570
3571,The Wells of the Fathers,Niyi Adetiloye – The Wells of the Fathers,Niyi Adetiloye,10.01.2024 18:12:21 UTC+01:00,2:40:40,44.6 MB,https://t.me/WeAreTDCI/3571
3573,The Gospel Foundation,Niyi Adetiloye – The Gospel Foundation,Niyi Adetiloye,10.01.2024 18:57:29 UTC+01:00,59:16,33.9 MB,https://t.me/WeAreTDCI/3573
3584,Eternal Truths,Niyi Adetiloye – Eternal Truths,Niyi Adetiloye,15.01.2024 09:50:06 UTC+01:00,54:35,31.2 MB,https://t.me/WeAreTDCI/3584
3597,The Gospel of Jesus Christ,Niyi Adetiloye – The Gospel of Jesus Christ,Niyi Adetiloye,18.01.2024 17:21:23 UTC+01:00,1:59:56,68.6 MB,https://t.me/WeAreTDCI/3597
3605,Pursuing The Will Of God,Raphael Onilenla – Pursuing The Will Of God,Raphael Onilenla,21.01.2024 10:34:34 UTC+01:00,37:40,40.0 MB,https://t.me/WeAreTDCI/3605
3614,The Cross In The Eternal Purpose Of God.mp3,The Cross In The Eternal Purpose Of God.mp3,Pastor Niyi Adetiloye,24.01.2024 19:25:37 UTC+01:00,1:44:23,59.7 MB,https://t.me/WeAreTDCI/3614
3622,Power To Prevail,Niyi Adetiloye – Power To Prevail,Niyi Adetiloye,28.01.2024 12:40:37 UTC+01:00,59:43,34.1 MB,https://t.me/WeAreTDCI/3622
3629,The Cross In God's Eternal Purpose - II,Niyi Adetiloye – The Cross In God's Eternal Purpose - II,Niyi Adetiloye,31.01.2024 19:11:59 UTC+01:00,1:25:21,48.8 MB,https://t.me/WeAreTDCI/3629
3657,The Mind Of Christ - I,Niyi Adetiloye – The Mind Of Christ - I,Niyi Adetiloye,05.02.2024 18:33:48 UTC+01:00,1:26:55,29.8 MB,https://t.me/WeAreTDCI/3657
3658,The Mind Of Christ - II,Niyi Adetiloye – The Mind Of Christ - II,Niyi Adetiloye,05.02.2024 18:37:44 UTC+01:00,1:59:44,41.1 MB,https://t.me/WeAreTDCI/3658
3659,The Mind Of Christ - III,Niyi Adetiloye – The Mind Of Christ - III,Niyi Adetiloye,05.02.2024 18:40:08 UTC+01:00,2:02:59,42.2 MB,https://t.me/WeAreTDCI/3659
3661,Power To Previal - II,Niyi Adetiloye – Power To Previal - II,Niyi Adetiloye,06.02.2024 07:56:02 UTC+01:00,1:18:17,62.1 MB,https://t.me/WeAreTDCI/3661
3666,The Doctrine of God,Niyi Adetiloye – The Doctrine of God,Niyi Adetiloye,07.02.2024 19:16:54 UTC+01:00,1:31:24,52.3 MB,https://t.me/WeAreTDCI/3666
3673,Ramoth Gilead,Niyi Adetiloye – Ramoth Gilead,Niyi Adetiloye,14.02.2024 18:00:37 UTC+01:00,1:56:07,66.4 MB,https://t.me/WeAreTDCI/3673
3674,The Good Of The Land,Niyi Adetiloye – The Good Of The Land,Niyi Adetiloye,14.02.2024 18:01:29 UTC+01:00,1:30:40,51.8 MB,https://t.me/WeAreTDCI/3674
3679,Principles of Hearing God,Niyi Adetiloye – Principles of Hearing God,Niyi Adetiloye,18.02.2024 12:10:37 UTC+01:00,2:08:40,73.6 MB,https://t.me/WeAreTDCI/3679
3680,Good Success,Niyi Adetiloye – Good Success,Niyi Adetiloye,18.02.2024 12:11:53 UTC+01:00,1:10:06,64.1 MB,https://t.me/WeAreTDCI/3680
3690,Principles of Hearing God- II,Niyi Adetiloye – Principles of Hearing God- II,Niyi Adetiloye,25.02.2024 15:06:37 UTC+01:00,1:42:25,58.6 MB,https://t.me/WeAreTDCI/3690
3691,Covenant Relationships,Niyi Adetiloye – Covenant Relationships,Niyi Adetiloye,25.02.2024 15:07:57 UTC+01:00,1:30:39,51.8 MB,https://t.me/WeAreTDCI/3691
3699,Hearing God,Pastor Raphael Onilenla – Hearing God,Raphael Onilenla,28.02.2024 19:12:44 UTC+01:00,1:28:38,50.7 MB,https://t.me/WeAreTDCI/3699
3730,The Shape Of The Human Spirit,Niyi Adetiloye – The Shape Of The Human Spirit,Niyi Adetiloye,09.03.2024 22:11:06 UTC+01:00,2:24:07,82.4 MB,https://t.me/WeAreTDCI/3730
3731,Searching The Deep Things,Niyi Adetiloye – Searching The Deep Things,Niyi Adetiloye,10.03.2024 05:29:54 UTC+01:00,1:38:00,56.0 MB,https://t.me/WeAreTDCI/3731
3732,From Strength To Strength,Niyi Adetiloye – From Strength To Strength,Niyi Adetiloye,10.03.2024 05:42:15 UTC+01:00,40:13,23.0 MB,https://t.me/WeAreTDCI/3732
3736,The Hearing Of Faith,Niyi Adetiloye – The Hearing Of Faith,Niyi Adetiloye,10.03.2024 12:31:13 UTC+01:00,1:04:32,70.1 MB,https://t.me/WeAreTDCI/3736
3747,The Revealer of Secrets,Niyi Adetiloye – The Revealer of Secrets,Niyi Adetiloye,15.03.2024 12:42:17 UTC+01:00,1:37:02,55.5 MB,https://t.me/WeAreTDCI/3747
3752,The Hearing of Faith - II,Niyi Adetiloye – The Hearing of Faith - II,Niyi Adetiloye,17.03.2024 13:01:10 UTC+01:00,1:13:01,78.7 MB,https://t.me/WeAreTDCI/3752
3760,Accessing The Spirt of Revelation,Niyi Adetiloye – Accessing The Spirt of Revelation,Niyi Adetiloye,20.03.2024 20:05:00 UTC+01:00,1:52:05,64.1 MB,https://t.me/WeAreTDCI/3760
3766,Faith That Prevails,Pastor Raphael Onilenla – Faith That Prevails,Raphael Onilenla,24.03.2024 09:46:29 UTC+01:00,45:35,45.8 MB,https://t.me/WeAreTDCI/3766
3778,Accessing Revelation From The Spirit,Niyi Adetiloye – Accessing Revelation From The Spirit,Niyi Adetiloye,27.03.2024 19:20:18 UTC+01:00,1:23:10,47.5 MB,https://t.me/WeAreTDCI/3778
3790,Jesus The Rest Giver,Niyi Adetiloye – Jesus The Rest Giver,Niyi Adetiloye,31.03.2024 14:35:44 UTC+01:00,33:24,34.7 MB,https://t.me/WeAreTDCI/3790
3791,Because He Lives,Niyi Adetiloye – Because He Lives,Niyi Adetiloye,31.03.2024 14:36:48 UTC+01:00,54:05,58.2 MB,https://t.me/WeAreTDCI/3791
3805,You Must Be Filled,Niyi Adetiloye – You Must Be Filled,Niyi Adetiloye,03.04.2024 19:25:41 UTC+01:00,1:27:03,49.8 MB,https://t.me/WeAreTDCI/3805
3825,Laws of the Spirit - Knowledge & Partnership,Niyi Adetilye – Laws of the Spirit - Knowledge & Partnership,Niyi Adetilye,08.04.2024 16:42:57 UTC+01:00,2:16:15,77.9 MB,https://t.me/WeAreTDCI/3825
3826,Prayer Charge,Pastor Raphael Onilenla – Prayer Charge,Raphael Onilenla,08.04.2024 16:43:15 UTC+01:00,15:18,8.7 MB,https://t.me/WeAreTDCI/3826
3827,The Recovery Agenda,Niyi Adetiloye – The Recovery Agenda,Niyi Adetiloye,08.04.2024 16:44:11 UTC+01:00,1:28:19,50.5 MB,https://t.me/WeAreTDCI/3827
3828,Laws of The Spirit - Investment &  Renumeration,Niyi Adetiloye – Laws of The Spirit - Investment &  Renumeration,Niyi Adetiloye,08.04.2024 16:45:51 UTC+01:00,2:30:47,86.2 MB,https://t.me/WeAreTDCI/3828
3829,Power To Witness (Prophetic Charge),Niyi Adetiloye – Power To Witness (Prophetic Charge),Niyi Adetiloye,08.04.2024 16:46:32 UTC+01:00,1:02:07,35.5 MB,https://t.me/WeAreTDCI/3829
3830,Laws of The Spirit - Submission,Niyi Adetiloye – Laws of The Spirit - Submission,Niyi Adetiloye,08.04.2024 16:47:51 UTC+01:00,34:25,19.6 MB,https://t.me/WeAreTDCI/3830
3838,Be Filled,Niyi Adetiloye – Be Filled,Niyi Adetiloye,10.04.2024 19:21:12 UTC+01:00,1:05:51,52.7 MB,https://t.me/WeAreTDCI/3838
3847,Your Faith And Your Redemptive Fact,Niyi Adetiloye – Your Faith And Your Redemptive Fact,Niyi Adetiloye,14.04.2024 12:05:34 UTC+01:00,54:25,57.5 MB,https://t.me/WeAreTDCI/3847
3856,Preparing Your Vessel For The Spirit,Niyi Adetiloye – Preparing Your Vessel For The Spirit,Niyi Adetiloye,17.04.2024 19:35:37 UTC+01:00,1:32:54,74.4 MB,https://t.me/WeAreTDCI/3856
3864,Living By Faith,Evang. Busayo Oluwadunsin – Living By Faith,Evang. Busayo Oluwadunsin,21.04.2024 13:45:40 UTC+01:00,54:37,55.3 MB,https://t.me/WeAreTDCI/3864
3873,Preparing Your Vessel For The Spirit - II,Niyi Adetiloye – Preparing Your Vessel For The Spirit - II,Niyi Adetiloye,24.04.2024 19:26:42 UTC+01:00,1:36:26,77.2 MB,https://t.me/WeAreTDCI/3873
3894,The Good Soil,Niyi Adetiloye – The Good Soil,Niyi Adetiloye,02.05.2024 10:51:28 UTC+01:00,54:22,58.6 MB,https://t.me/WeAreTDCI/3894
3904,The Voice of Shaking,Niyi Adetiloye – The Voice of Shaking,Niyi Adetiloye,05.05.2024 12:49:34 UTC+01:00,1:11:22,57.1 MB,https://t.me/WeAreTDCI/3904
3910,The Task of Fishing Men,Niyi Adetiloye – The Task of Fishing Men,Niyi Adetiloye,08.05.2024 19:45:37 UTC+01:00,1:31:48,73.5 MB,https://t.me/WeAreTDCI/3910
3932,The Word Of Our Testimony - I,Niyi Adetiloye – The Word Of Our Testimony - I,Niyi Adetiloye,20.05.2024 10:27:20 UTC+01:00,1:27:07,79.9 MB,https://t.me/WeAreTDCI/3932
3933,The Word Of Our Testimony - II,Niyi Adetiloye – The Word Of Our Testimony - II,Niyi Adetiloye,20.05.2024 10:27:48 UTC+01:00,1:05:50,68.6 MB,https://t.me/WeAreTDCI/3933
3934,The Intercessor-Soulwinner,Niyi Adetiloye – The Intercessor-Soulwinner,Niyi Adetiloye,20.05.2024 10:39:15 UTC+01:00,1:07:06,70.7 MB,https://t.me/WeAreTDCI/3934
3942,The Intercessor-Soulwinner - II  (Burden for Souls),Niyi Adetiloye – The Intercessor-Soulwinner - II  (Burden for Souls),Niyi Adetiloye,23.05.2024 11:13:18 UTC+01:00,1:20:04,64.1 MB,https://t.me/WeAreTDCI/3942
3972,Amour Of Light,Niyi Adetiloye – Amour Of Light,Niyi Adetiloye,03.06.2024 17:38:54 UTC+01:00,56:38,62.4 MB,https://t.me/WeAreTDCI/3972
3973,Spiritual Edification,Niyi Adetiloye – Spiritual Edification,Niyi Adetiloye,03.06.2024 18:16:32 UTC+01:00,1:50:15,88.3 MB,https://t.me/WeAreTDCI/3973
3975,The Prayers Of The Soulwinner,Niyi Adetiloye – The Prayers Of The Soulwinner,Niyi Adetiloye,04.06.2024 12:46:38 UTC+01:00,1:19:26,45.4 MB,https://t.me/WeAreTDCI/3975
3981,The Royal Law,Niyi Adetioye – The Royal Law,Niyi Adetioye,07.06.2024 21:38:53 UTC+01:00,1:33:44,75.0 MB,https://t.me/WeAreTDCI/3981
3985,Covenant Roots,Niyi Adetiloye – Covenant Roots,Niyi Adetiloye,09.06.2024 11:13:12 UTC+01:00,58:29,65.4 MB,https://t.me/WeAreTDCI/3985
3994,Love In Marriage And Relationships,Niyi Adetiloye – Love In Marriage And Relationships,Niyi Adetiloye,13.06.2024 16:04:23 UTC+01:00,1:35:27,76.4 MB,https://t.me/WeAreTDCI/3994
4004,The Zeal of The Lord of Host,Niyi Adetiloye – The Zeal of The Lord of Host,Niyi Adetiloye,16.06.2024 17:01:34 UTC+01:00,1:14:14,59.4 MB,https://t.me/WeAreTDCI/4004
4005,The Zeal For The Lord,Niyi Adetiloye – The Zeal For The Lord,Niyi Adetiloye,16.06.2024 17:01:48 UTC+01:00,1:27:00,69.7 MB,https://t.me/WeAreTDCI/4005
4012,Walking In Love,Pastor Busayo Oluwadunsin – Walking In Love,Busayo Oluwadunsin,19.06.2024 19:25:23 UTC+01:00,59:49,58.6 MB,https://t.me/WeAreTDCI/4012
4026,Zeal For The Lord,Pastor Raphael Onilenla – Zeal For The Lord,Raphael Onilenla,23.06.2024 11:01:03 UTC+01:00,58:30,58.2 MB,https://t.me/WeAreTDCI/4026
4044,Tending The Fire,Niyi Adetiloye – Tending The Fire,Niyi Adetiloye,01.07.2024 12:33:52 UTC+01:00,58:10,33.2 MB,https://t.me/WeAreTDCI/4044
4045,Love in Marriage and Relationship - II,Niyi Adetiloye – Love in Marriage and Relationship - II,Niyi Adetiloye,01.07.2024 12:34:55 UTC+01:00,1:15:03,42.9 MB,https://t.me/WeAreTDCI/4045
4074,Tending The Fire - II,Niyi Adetiloye – Tending The Fire - II,Niyi Adetiloye,07.07.2024 15:01:47 UTC+01:00,1:09:17,55.5 MB,https://t.me/WeAreTDCI/4074
4086,The Manifestation Of The Spirit,Pastor Busayo Oluwadunsin – The Manifestation Of The Spirit,Busayo Oluwadunsin,14.07.2024 16:59:12 UTC+01:00,1:10:13,56.2 MB,https://t.me/WeAreTDCI/4086
4087,The Devotional Life,Niyi Adetiloye – The Devotional Life,Niyi Adetiloye,14.07.2024 17:00:04 UTC+01:00,1:06:58,53.6 MB,https://t.me/WeAreTDCI/4087
4099,The Charter of The Church,Niyi Adetiloye – The Charter of The Church,Niyi Adetiloye,21.07.2024 08:00:15 UTC+01:00,1:41:59,98.9 MB,https://t.me/WeAreTDCI/4099
4101,The Fullness of Christ,Niyi Adetiloye – The Fullness of Christ,Niyi Adetiloye,21.07.2024 08:00:29 UTC+01:00,1:32:38,69.7 MB,https://t.me/WeAreTDCI/4101
4118,Maximizing Your Gifts And Calling,Niyi Adetiloye – Maximizing Your Gifts And Calling,Niyi Adetiloye,29.07.2024 15:29:33 UTC+01:00,50:09,52.3 MB,https://t.me/WeAreTDCI/4118
4119,The Devotional Life - II,Niyi Adetiloye – The Devotional Life - II,Niyi Adetiloye,29.07.2024 18:16:05 UTC+01:00,58:25,33.4 MB,https://t.me/WeAreTDCI/4119
4142,Maximizing Your Gifts And Calling II,Niyi Adetiloye – Maximizing Your Gifts And Calling II,Niyi Adetiloye,06.08.2024 03:12:21 UTC+01:00,57:44,68.6 MB,https://t.me/WeAreTDCI/4142
4143,The Healthy Spirit,Niyi Adetiloye – The Healthy Spirit,Niyi Adetiloye,06.08.2024 03:14:07 UTC+01:00,1:17:14,83.4 MB,https://t.me/WeAreTDCI/4143
4144,Understanding The Times,Niyi Adetiloye – Understanding The Times,Niyi Adetiloye,06.08.2024 03:24:12 UTC+01:00,1:41:54,58.3 MB,https://t.me/WeAreTDCI/4144
4145,Maximizing Opportunity,Niyi Adetiloye – Maximizing Opportunity,Niyi Adetiloye,06.08.2024 03:27:01 UTC+01:00,38:30,38.7 MB,https://t.me/WeAreTDCI/4145
4160,Maximizing Your Gifts And Calling - III,Niyi Adetiloye – Maximizing Your Gifts And Calling - III,Niyi Adetiloye,12.08.2024 10:22:04 UTC+01:00,1:11:45,74.5 MB,https://t.me/WeAreTDCI/4160
4161,Kingdom Labourers,Pastor Busayo Oluwadunsin – Kingdom Labourers,Busayo Oluwadunsin,12.08.2024 10:24:29 UTC+01:00,1:05:18,67.8 MB,https://t.me/WeAreTDCI/4161
4170,Serving Under Headship,Niyi Adetiloye – Serving Under Headship,Niyi Adetiloye,14.08.2024 20:07:39 UTC+01:00,1:20:11,63.3 MB,https://t.me/WeAreTDCI/4170
4176,The Healthy Spirit - II,Niyi Adetiloye – The Healthy Spirit - II,Niyi Adetiloye,18.08.2024 11:08:47 UTC+01:00,1:06:06,46.1 MB,https://t.me/WeAreTDCI/4176
4183,Day 1.mp3,Peniel - Day 1.mp3,Peniel,19.08.2024 19:12:21 UTC+01:00,47:56,52.2 MB,https://t.me/WeAreTDCI/4183
4187,Day II.mp3,Peniel - Day II.mp3,Peniel,20.08.2024 19:28:11 UTC+01:00,49:55,34.3 MB,https://t.me/WeAreTDCI/4187
4190,Serving Under Headship - II,Niyi Adetiloye – Serving Under Headship - II,Niyi Adetiloye,21.08.2024 19:15:14 UTC+01:00,51:16,37.0 MB,https://t.me/WeAreTDCI/4190
4191,Day III.mp3,Peniel - Day III.mp3,Peniel,21.08.2024 19:16:00 UTC+01:00,44:12,30.4 MB,https://t.me/WeAreTDCI/4191
4240,Christ Pattern in Jacob,Niyi Adetiloye – Christ Pattern in Jacob,Niyi Adetiloye,02.09.2024 17:11:50 UTC+01:00,1:55:47,66.2 MB,https://t.me/WeAreTDCI/4240
4241,Prescriptions for Fruitfulness,Niyi Adetiloye – Prescriptions for Fruitfulness,Niyi Adetiloye,02.09.2024 17:12:14 UTC+01:00,59:22,33.9 MB,https://t.me/WeAreTDCI/4241
4242,The Ministry That Transforms,Niyi Adetiloye – The Ministry That Transforms,Niyi Adetiloye,02.09.2024 17:12:52 UTC+01:00,1:32:46,53.0 MB,https://t.me/WeAreTDCI/4242
4243,Five Pillars of Prophetic Destiny,Niyi Adetiloye – Five Pillars of Prophetic Destiny,Niyi Adetiloye,02.09.2024 17:13:35 UTC+01:00,2:05:27,71.7 MB,https://t.me/WeAreTDCI/4243
4244,Character Required for Promotion,Niyi Adetiloye – Character Required for Promotion,Niyi Adetiloye,02.09.2024 17:14:01 UTC+01:00,2:05:14,71.6 MB,https://t.me/WeAreTDCI/4244
4245,Peniel - A Place of Transformation,Niyi Adetiloye – Peniel - A Place of Transformation,Niyi Adetiloye,02.09.2024 17:14:28 UTC+01:00,1:42:41,58.7 MB,https://t.me/WeAreTDCI/4245
4305,Kingdom Economy,Niyi Adetiloye – Kingdom Economy,Niyi Adetiloye,12.09.2024 06:45:02 UTC+01:00,1:09:35,75.4 MB,https://t.me/WeAreTDCI/4305
4306,The Devotional Life - III,Niyi Adetiloye – The Devotional Life - III,Niyi Adetiloye,12.09.2024 10:29:49 UTC+01:00,1:24:14,60.6 MB,https://t.me/WeAreTDCI/4306
4307,Bible Prescriptions For Fruitfulness,Niyi Adetiloye – Bible Prescriptions For Fruitfulness,Niyi Adetiloye,12.09.2024 11:06:21 UTC+01:00,1:48:02,61.8 MB,https://t.me/WeAreTDCI/4307
4308,Kingdom Economy - II,Niyi Adetiloye – Kingdom Economy - II,Niyi Adetiloye,12.09.2024 14:07:06 UTC+01:00,2:13:38,76.4 MB,https://t.me/WeAreTDCI/4308
4370,Bible Prescription For Fruitfulness - II,Niyi Adetiloye – Bible Prescription For Fruitfulness - II,Niyi Adetiloye,20.09.2024 17:53:33 UTC+01:00,1:16:31,43.7 MB,https://t.me/WeAreTDCI/4370
4371,God's Reward System,Niyi Adetiloye – God's Reward System,Niyi Adetiloye,20.09.2024 17:53:52 UTC+01:00,2:21:52,81.1 MB,https://t.me/WeAreTDCI/4371
4394,Bearing Fruit In Season,Niyi Adetiloye – Bearing Fruit In Season,Niyi Adetiloye,23.09.2024 15:36:08 UTC+01:00,1:52:19,64.2 MB,https://t.me/WeAreTDCI/4394
4437,The Doctrine of Work,Niyi Adetiloye – The Doctrine of Work,Niyi Adetiloye,05.10.2024 11:25:57 UTC+01:00,1:59:49,122.8 MB,https://t.me/WeAreTDCI/4437
4438,Post-Fasting Dividends,Pastor Raphael Onilenla – Post-Fasting Dividends,Raphael Onilenla,05.10.2024 11:26:03 UTC+01:00,28:22,29.9 MB,https://t.me/WeAreTDCI/4438
4439,Manifesting The Victorious Life,Niyi Adetiloye – Manifesting The Victorious Life,Niyi Adetiloye,05.10.2024 11:26:16 UTC+01:00,1:23:49,89.1 MB,https://t.me/WeAreTDCI/4439
4465,Pre-Landscape Service,Niyi Adetiloye – Pre-Landscape Service,Niyi Adetiloye,16.10.2024 19:47:18 UTC+01:00,1:55:21,66.0 MB,https://t.me/WeAreTDCI/4465
4466,Discerning The Moves of God,Niyi Adetiloye – Discerning The Moves of God,Niyi Adetiloye,16.10.2024 19:52:45 UTC+01:00,1:05:11,37.3 MB,https://t.me/WeAreTDCI/4466
4469,Midnight Cry,Niyi Adetiloye – Midnight Cry,Niyi Adetiloye,20.10.2024 11:45:09 UTC+01:00,1:18:32,44.9 MB,https://t.me/WeAreTDCI/4469
4475,Ministering Spirit And Truth,Niyi Adetiloye – Ministering Spirit And Truth,Niyi Adetiloye,20.10.2024 22:34:05 UTC+01:00,1:45:36,116.2 MB,https://t.me/WeAreTDCI/4475
4476,Ministering in Spirit and Truth (Maladies and The Knowing),Pastor Jide Olawoyin – Ministering in Spirit and Truth (Maladies and The Knowing),Jide Olawoyin,20.10.2024 22:35:54 UTC+01:00,32:51,32.7 MB,https://t.me/WeAreTDCI/4476
4477,Able Minister,Pastor Busayo Oluwadunsin – Able Minister,Busayo Oluwadunsin,20.10.2024 22:37:06 UTC+01:00,24:25,25.3 MB,https://t.me/WeAreTDCI/4477
4478,Discerning Truth and Spirit,Niyi Adetiloye – Discerning Truth and Spirit,Niyi Adetiloye,20.10.2024 22:40:56 UTC+01:00,2:00:36,121.6 MB,https://t.me/WeAreTDCI/4478
4479,Learning to Recognize Life,Niyi Adetiloye – Learning to Recognize Life,Niyi Adetiloye,20.10.2024 22:42:41 UTC+01:00,1:18:28,78.4 MB,https://t.me/WeAreTDCI/4479
4480,The Cup And The Baptism,Pastor Toba Dada – The Cup And The Baptism,Toba Dada,20.10.2024 22:44:29 UTC+01:00,1:17:20,75.5 MB,https://t.me/WeAreTDCI/4480
4481,The Almighty God,Niyi Adetiloye – The Almighty God,Niyi Adetiloye,20.10.2024 22:48:16 UTC+01:00,2:04:57,127.6 MB,https://t.me/WeAreTDCI/4481
4482,Discerning Moses,Pastor Raphael Onilenla – Discerning Moses,Raphael Onilenla,20.10.2024 22:49:11 UTC+01:00,31:00,32.7 MB,https://t.me/WeAreTDCI/4482
4483,Walk Before Me,Niyi Adetiloye – Walk Before Me,Niyi Adetiloye,20.10.2024 22:50:41 UTC+01:00,59:47,62.1 MB,https://t.me/WeAreTDCI/4483
4484,The God of All Grace,Pastor Toba Dada – The God of All Grace,Toba Dada,20.10.2024 22:52:01 UTC+01:00,55:55,54.3 MB,https://t.me/WeAreTDCI/4484
4485,Bid Me To Come,Pastor Jide Olawoyin – Bid Me To Come,Jide Olawoyin,20.10.2024 22:57:40 UTC+01:00,36:25,37.6 MB,https://t.me/WeAreTDCI/4485
4486,Father of Nations,Niyi Adetiloye – Father of Nations,Niyi Adetiloye,20.10.2024 23:01:43 UTC+01:00,52:45,56.5 MB,https://t.me/WeAreTDCI/4486
4487,Prophetic Blessing,Rev. Austin Ukporhe – Prophetic Blessing,Rev. Austin Ukporhe,20.10.2024 23:04:38 UTC+01:00,40:49,43.6 MB,https://t.me/WeAreTDCI/4487
4488,Walking With The Almighty God,Bishop Shalom Adalumo – Walking With The Almighty God,Bishop Shalom Adalumo,20.10.2024 23:07:13 UTC+01:00,30:00,38.6 MB,https://t.me/WeAreTDCI/4488
4489,Accessing Abraham's Covenant Through The Gospel,Niyi Adetiloye – Accessing Abraham's Covenant Through The Gospel,Niyi Adetiloye,20.10.2024 23:15:10 UTC+01:00,2:14:11,142.0 MB,https://t.me/WeAreTDCI/4489
4490,"Christ, the El-Gibbor","Niyi Adetiloye – Christ, the El-Gibbor",Niyi Adetiloye,20.10.2024 23:16:12 UTC+01:00,59:39,60.1 MB,https://t.me/WeAreTDCI/4490
4491,The Circumcision,Rev. Austin Ukporhe – The Circumcision,Rev. Austin Ukporhe,20.10.2024 23:17:59 UTC+01:00,3:04:29,105.5 MB,https://t.me/WeAreTDCI/4491
4497,Midnight Cry - II,Niyi Adetiloye – Midnight Cry - II,Niyi Adetiloye,27.10.2024 11:08:48 UTC+01:00,1:05:45,69.1 MB,https://t.me/WeAreTDCI/4497
4498,Discerning The Moves of God - II,Niyi Adetiloye – Discerning The Moves of God - II,Niyi Adetiloye,27.10.2024 11:13:49 UTC+01:00,1:47:31,61.5 MB,https://t.me/WeAreTDCI/4498
4502,Aids To Discerning God's Plan,Niyi Adetiloye – Aids To Discerning God's Plan,Niyi Adetiloye,31.10.2024 20:47:48 UTC+01:00,1:23:32,47.8 MB,https://t.me/WeAreTDCI/4502
4513,My Glory And Shield,Niyi Adetiloye – My Glory And Shield,Niyi Adetiloye,03.11.2024 11:28:58 UTC+01:00,56:31,32.3 MB,https://t.me/WeAreTDCI/4513
4519,Aids To Discerning God's Plans - II,Niyi Adetiloye – Aids To Discerning God's Plans - II,Niyi Adetiloye,06.11.2024 20:19:52 UTC+01:00,1:39:55,57.1 MB,https://t.me/WeAreTDCI/4519
4526,Prayer Charge - Prince of Peace,Pastor Raphael Onilenla – Prayer Charge - Prince of Peace,Raphael Onilenla,11.11.2024 14:15:23 UTC+01:00,17:31,17.7 MB,https://t.me/WeAreTDCI/4526
4528,Spirit Dynamics In The Assembly,Niyi Adetiloye – Spirit Dynamics In The Assembly,Niyi Adetiloye,11.11.2024 14:16:17 UTC+01:00,52:37,48.5 MB,https://t.me/WeAreTDCI/4528
4529,My Glory and Shield - II,Niyi Adetiloye – My Glory and Shield - II,Niyi Adetiloye,11.11.2024 14:16:48 UTC+01:00,52:23,56.4 MB,https://t.me/WeAreTDCI/4529
4532,Training For Marriage Success,Niyi Adetiloye – Training For Marriage Success,Niyi Adetiloye,13.11.2024 19:27:48 UTC+01:00,1:01:53,63.8 MB,https://t.me/WeAreTDCI/4532
4540,Oneness in the Spirit,Niyi Adetiloye – Oneness in the Spirit,Niyi Adetiloye,24.11.2024 10:25:47 UTC+01:00,34:27,48.2 MB,https://t.me/WeAreTDCI/4540
4541,Principles That Facilitates The Fulfilment of Prophecy,Busayo Oluwadunsin – Principles That Facilitates The Fulfilment of Prophecy,Busayo Oluwadunsin,24.11.2024 10:39:31 UTC+01:00,33:23,46.2 MB,https://t.me/WeAreTDCI/4541
4552,Training For Marriage Success - II,Niyi Adetiloye – Training For Marriage Success - II,Niyi Adetiloye,01.12.2024 19:42:38 UTC+01:00,1:30:18,74.2 MB,https://t.me/WeAreTDCI/4552
4553,Training For Marriage Success - III,Niyi Adetiloye – Training For Marriage Success - III,Niyi Adetiloye,01.12.2024 19:42:56 UTC+01:00,1:27:59,70.2 MB,https://t.me/WeAreTDCI/4553
4575,Bearers of God's Word,Niyi Adetiloye – Bearers of God's Word,Niyi Adetiloye,13.12.2024 01:18:13 UTC+01:00,1:34:05,84.8 MB,https://t.me/WeAreTDCI/4575
4576,Special Thanksgiving Seasons,Niyi Adetiloye – Special Thanksgiving Seasons,Niyi Adetiloye,13.12.2024 01:19:40 UTC+01:00,56:31,49.8 MB,https://t.me/WeAreTDCI/4576
4577,Bearers of God's Word - II,Niyi Adetiloye – Bearers of God's Word - II,Niyi Adetiloye,13.12.2024 01:21:37 UTC+01:00,1:02:16,60.4 MB,https://t.me/WeAreTDCI/4577
4587,Prayer Preparation,Niyi Adetiloye – Prayer Preparation,Niyi Adetiloye,19.12.2024 12:48:40 UTC+01:00,45:44,49.9 MB,https://t.me/WeAreTDCI/4587
4588,The Life and Teachings of Christ,Niyi Adetiloye – The Life and Teachings of Christ,Niyi Adetiloye,19.12.2024 12:49:36 UTC+01:00,1:32:33,94.9 MB,https://t.me/WeAreTDCI/4588
4589,December Healing and Miracle Service,Niyi Adetiloye – December Healing and Miracle Service,Niyi Adetiloye,19.12.2024 12:54:58 UTC+01:00,35:19,36.2 MB,https://t.me/WeAreTDCI/4589
4599,Christmas Carol Service,Niyi Adetiloye – Christmas Carol Service,Niyi Adetiloye,03.01.2025 09:01:43 UTC+01:00,1:04:37,68.1 MB,https://t.me/WeAreTDCI/4599
4600,The Whole Duty of Man,Niyi Adetiloye – The Whole Duty of Man,Niyi Adetiloye,03.01.2025 09:08:21 UTC+01:00,57:31,60.0 MB,https://t.me/WeAreTDCI/4600
4601,Ingathering.mp3,Ingathering.mp3,Pastor Niyi Adetiloye,03.01.2025 09:12:16 UTC+01:00,1:34:37,59.5 MB,https://t.me/WeAreTDCI/4601
4602,Accessing the Power of God through the Word,Niyi Adetiloye – Accessing the Power of God through the Word,Niyi Adetiloye,03.01.2025 09:20:17 UTC+01:00,39:55,32.1 MB,https://t.me/WeAreTDCI/4602
4603,The Ministry of the Word,Niyi Adetiloye – The Ministry of the Word,Niyi Adetiloye,03.01.2025 09:21:26 UTC+01:00,1:25:02,61.2 MB,https://t.me/WeAreTDCI/4603
4671,Foundation of Righteousness - I,Niyi Adetiloye – Foundation of Righteousness - I,Niyi Adetiloye,15.01.2025 19:40:21 UTC+01:00,50:16,52.9 MB,https://t.me/WeAreTDCI/4671
4672,Foundation of Righteousness - II,Niyi Adetiloye – Foundation of Righteousness - II,Niyi Adetiloye,15.01.2025 19:40:34 UTC+01:00,58:17,55.4 MB,https://t.me/WeAreTDCI/4672
4687,31 Days Prayers & Fast - Day 11.mp3,31 Days Prayers & Fast - Day 11.mp3,Pastor Niyi Adetiloye,17.01.2025 17:52:59 UTC+01:00,59:02,64.3 MB,https://t.me/WeAreTDCI/4687
4693,31 Days Prayers & Fast - Day 12,Niyi Adetiloye – 31 Days Prayers & Fast - Day 12,Niyi Adetiloye,18.01.2025 18:40:33 UTC+01:00,53:03,58.0 MB,https://t.me/WeAreTDCI/4693
4694,31 Days Prayers & Fast - Day 13,Niyi Adetiloye – 31 Days Prayers & Fast - Day 13,Niyi Adetiloye,18.01.2025 18:40:50 UTC+01:00,50:04,54.7 MB,https://t.me/WeAreTDCI/4694
4709,31 Days Prayer & Fast - Day 15 Prophetic Words,Niyi Adetiloye – 31 Days Prayer & Fast - Day 15 Prophetic Words,Niyi Adetiloye,20.01.2025 18:52:27 UTC+01:00,02:27,2.6 MB,https://t.me/WeAreTDCI/4709
4718,31 Days Prayers & Fast - Day 16,Niyi Adetiloye – 31 Days Prayers & Fast - Day 16,Niyi Adetiloye,21.01.2025 18:43:34 UTC+01:00,47:59,51.6 MB,https://t.me/WeAreTDCI/4718
4731,31 Days Prayers & Fast - Day 18,Niyi Adetiloye – 31 Days Prayers & Fast - Day 18,Niyi Adetiloye,23.01.2025 18:50:00 UTC+01:00,56:11,62.6 MB,https://t.me/WeAreTDCI/4731
4737,31 Days Prayers & Fast - Day 19,Niyi Adetiloye – 31 Days Prayers & Fast - Day 19,Niyi Adetiloye,24.01.2025 18:43:01 UTC+01:00,50:53,55.9 MB,https://t.me/WeAreTDCI/4737
4742,31 DAYS FASTING AND PRAYER - DAY 20,Niyi Adetiloye – 31 DAYS FASTING AND PRAYER - DAY 20,Niyi Adetiloye,25.01.2025 18:09:17 UTC+01:00,49:11,50.3 MB,https://t.me/WeAreTDCI/4742
4744,Foundation of Righteousness - III,Niyi Adetiloye – Foundation of Righteousness - III,Niyi Adetiloye,25.01.2025 18:10:19 UTC+01:00,1:12:17,77.6 MB,https://t.me/WeAreTDCI/4744
4758,31 DAYS FASTING AND PRAYER - DAY 22,Niyi Adetiloye – 31 DAYS FASTING AND PRAYER - DAY 22,Niyi Adetiloye,27.01.2025 18:45:25 UTC+01:00,55:55,60.7 MB,https://t.me/WeAreTDCI/4758
4786,31 DAYS FASTING AND PRAYER - DAY 26,Niyi Adetiloye – 31 DAYS FASTING AND PRAYER - DAY 26,Niyi Adetiloye,31.01.2025 19:39:07 UTC+01:00,57:48,59.9 MB,https://t.me/WeAreTDCI/4786
4854,Discernment - I,Niyi Adetiloye – Discernment - I,Niyi Adetiloye,20.02.2025 18:41:30 UTC+01:00,1:18:51,75.2 MB,https://t.me/WeAreTDCI/4854
4855,Eternal Drama - I,Niyi Adetiloye – Eternal Drama - I,Niyi Adetiloye,20.02.2025 18:43:57 UTC+01:00,1:41:10,99.3 MB,https://t.me/WeAreTDCI/4855
4856,Eternal Drama - II,Niyi Adetiloye – Eternal Drama - II,Niyi Adetiloye,20.02.2025 18:46:58 UTC+01:00,1:37:56,93.4 MB,https://t.me/WeAreTDCI/4856
4857,Discernment - II,Pastor Raphael Onilenla – Discernment - II,Raphael Onilenla,20.02.2025 18:48:22 UTC+01:00,49:05,48.0 MB,https://t.me/WeAreTDCI/4857
4858,Discernment - III,Niyi Adetiloye – Discernment - III,Niyi Adetiloye,20.02.2025 18:49:25 UTC+01:00,33:28,33.5 MB,https://t.me/WeAreTDCI/4858
4859,Final Message,Niyi Adetiloye – Final Message,Niyi Adetiloye,20.02.2025 18:51:20 UTC+01:00,1:07:58,65.4 MB,https://t.me/WeAreTDCI/4859
4861,The Hour of Darkness,Niyi Adetiloye – The Hour of Darkness,Niyi Adetiloye,21.02.2025 10:12:59 UTC+01:00,16:55,16.8 MB,https://t.me/WeAreTDCI/4861
4862,Prayer,Prophet Ayo Jeje – Prayer,Ayo Jeje,21.02.2025 10:32:01 UTC+01:00,2:30:28,151.8 MB,https://t.me/WeAreTDCI/4862
4863,Reigning In Righteousness,Pator Toba Dada – Reigning In Righteousness,Pator Toba Dada,21.02.2025 10:36:37 UTC+01:00,49:48,52.4 MB,https://t.me/WeAreTDCI/4863
4864,Forms of Righteousness,Niyi Adetiloye – Forms of Righteousness,Niyi Adetiloye,21.02.2025 10:42:14 UTC+01:00,59:57,62.5 MB,https://t.me/WeAreTDCI/4864
4865,Discerning Territorial Darkness,Niyi Adetiloye – Discerning Territorial Darkness,Niyi Adetiloye,21.02.2025 10:53:50 UTC+01:00,1:52:01,98.6 MB,https://t.me/WeAreTDCI/4865
4871,Building with God - I,Niyi Adetiloye – Building with God - I,Niyi Adetiloye,23.02.2025 21:27:52 UTC+01:00,43:06,42.9 MB,https://t.me/WeAreTDCI/4871
4872,Building with God - II,Niyi Adetiloye – Building with God - II,Niyi Adetiloye,23.02.2025 21:40:27 UTC+01:00,1:05:24,64.5 MB,https://t.me/WeAreTDCI/4872
4873,Building A Relationship with God - I,Niyi Adetiloye – Building A Relationship with God - I,Niyi Adetiloye,23.02.2025 21:49:05 UTC+01:00,1:06:01,67.8 MB,https://t.me/WeAreTDCI/4873
4874,The Four Blocs of Building,Niyi Adetiloye – The Four Blocs of Building,Niyi Adetiloye,23.02.2025 21:56:38 UTC+01:00,41:24,43.3 MB,https://t.me/WeAreTDCI/4874
4877,Collaborating With God,Niyi Adetiloye – Collaborating With God,Niyi Adetiloye,25.02.2025 18:58:34 UTC+01:00,1:20:48,70.5 MB,https://t.me/WeAreTDCI/4877
4878,Walking with God by Hearing,Niyi Adetiloye – Walking with God by Hearing,Niyi Adetiloye,25.02.2025 19:12:30 UTC+01:00,1:19:20,82.2 MB,https://t.me/WeAreTDCI/4878
4880,Lovers of God,Niyi Adetiloye – Lovers of God,Niyi Adetiloye,25.02.2025 19:16:25 UTC+01:00,1:35:55,97.0 MB,https://t.me/WeAreTDCI/4880
4881,Cultivating Your Relationship With God,Pastor Busayo Oluwadunsin – Cultivating Your Relationship With God,Busayo Oluwadunsin,25.02.2025 19:33:46 UTC+01:00,1:04:08,63.8 MB,https://t.me/WeAreTDCI/4881
4882,Seek Ye First The Kingdom,Niyi Adetiloye – Seek Ye First The Kingdom,Niyi Adetiloye,25.02.2025 19:34:30 UTC+01:00,1:26:16,73.0 MB,https://t.me/WeAreTDCI/4882
4883,Prioritizing The Kingdom,Niyi Adetiloye – Prioritizing The Kingdom,Niyi Adetiloye,25.02.2025 19:35:03 UTC+01:00,1:03:49,58.6 MB,https://t.me/WeAreTDCI/4883
4885,Dynamics of Revival,Niyi Adetiloye – Dynamics of Revival,Niyi Adetiloye,25.02.2025 19:37:24 UTC+01:00,1:42:24,105.0 MB,https://t.me/WeAreTDCI/4885
4888,From Kingdom To Kingdom,Niyi Adetiloye – From Kingdom To Kingdom,Niyi Adetiloye,26.02.2025 20:04:51 UTC+01:00,1:39:50,101.4 MB,https://t.me/WeAreTDCI/4888
4919,Day 3 March Fasting & Prayers,Niyi Adetiloye – Day 3 March Fasting & Prayers,Niyi Adetiloye,03.03.2025 19:03:22 UTC+01:00,31:26,33.0 MB,https://t.me/WeAreTDCI/4919
4927,Co-Labourer With God,Niyi Adetiloye – Co-Labourer With God,Niyi Adetiloye,13.03.2025 11:57:21 UTC+01:00,1:52:37,103.1 MB,https://t.me/WeAreTDCI/4927
4928,Handling Negative Influences And Habits,Niyi Adetiloye – Handling Negative Influences And Habits,Niyi Adetiloye,13.03.2025 11:59:13 UTC+01:00,1:48:51,93.5 MB,https://t.me/WeAreTDCI/4928
4930,The Workings of Light,Niyi Adetiloye – The Workings of Light,Niyi Adetiloye,13.03.2025 11:59:54 UTC+01:00,1:22:30,70.5 MB,https://t.me/WeAreTDCI/4930
4936,Enemies of The Flock - I,Niyi Adetiloye – Enemies of The Flock - I,Niyi Adetiloye,20.03.2025 12:18:10 UTC+01:00,2:14:01,118.1 MB,https://t.me/WeAreTDCI/4936
4937,Enemies of The Flock - II,Niyi Adetiloye – Enemies of The Flock - II,Niyi Adetiloye,20.03.2025 12:18:41 UTC+01:00,1:45:38,93.4 MB,https://t.me/WeAreTDCI/4937
4938,The Workings of Light - II,Niyi Adetiloye – The Workings of Light - II,Niyi Adetiloye,20.03.2025 12:24:31 UTC+01:00,1:25:56,89.0 MB,https://t.me/WeAreTDCI/4938
4964,Enemies of the Flock - Continued,Niyi Adetiloye – Enemies of the Flock - Continued,Niyi Adetiloye,05.04.2025 14:45:10 UTC+01:00,44:42,49.5 MB,https://t.me/WeAreTDCI/4964
4965,THE HOUSE OF GOD,Niyi Adetiloye – THE HOUSE OF GOD,Niyi Adetiloye,05.04.2025 14:53:04 UTC+01:00,1:41:04,99.4 MB,https://t.me/WeAreTDCI/4965
4966,Rudiments of Revelation,Niyi Adetiloye – Rudiments of Revelation,Niyi Adetiloye,05.04.2025 18:28:41 UTC+01:00,2:24:33,152.8 MB,https://t.me/WeAreTDCI/4966
4975,Strength For Prevailing,Niyi Adetiloye – Strength For Prevailing,Niyi Adetiloye,06.04.2025 13:42:12 UTC+01:00,1:51:02,120.5 MB,https://t.me/WeAreTDCI/4975
4976,Charge on Intercession,Pastor Busayo Oluwadunsin – Charge on Intercession,Busayo Oluwadunsin,06.04.2025 13:42:24 UTC+01:00,55:19,56.7 MB,https://t.me/WeAreTDCI/4976
4977,Blue Print for Territorial Conquest,Pastor Raphael Onilenla – Blue Print for Territorial Conquest,Raphael Onilenla,06.04.2025 13:42:39 UTC+01:00,57:10,71.5 MB,https://t.me/WeAreTDCI/4977
4978,Blue Print for Territorial Conquest,Niyi Adetiloye – Blue Print for Territorial Conquest,Niyi Adetiloye,06.04.2025 13:43:09 UTC+01:00,2:23:27,145.1 MB,https://t.me/WeAreTDCI/4978
4979,The Making of the Territorial Army,Niyi Adetiloye – The Making of the Territorial Army,Niyi Adetiloye,06.04.2025 13:43:30 UTC+01:00,1:35:48,94.9 MB,https://t.me/WeAreTDCI/4979
4980,Agony of Prayer - II,Pastor Raphael Onilenla – Agony of Prayer - II,Raphael Onilenla,06.04.2025 13:43:47 UTC+01:00,1:15:21,74.7 MB,https://t.me/WeAreTDCI/4980
4981,Burdens of God,Niyi Adetiloye – Burdens of God,Niyi Adetiloye,06.04.2025 13:44:13 UTC+01:00,2:10:40,131.7 MB,https://t.me/WeAreTDCI/4981
4982,The Bleeding and the Burning Heart,Niyi Adetiloye – The Bleeding and the Burning Heart,Niyi Adetiloye,06.04.2025 13:44:29 UTC+01:00,1:20:23,78.0 MB,https://t.me/WeAreTDCI/4982
4990,Discerning The Church,Niyi Adetiloye – Discerning The Church,Niyi Adetiloye,14.04.2025 14:18:32 UTC+01:00,1:26:34,77.6 MB,https://t.me/WeAreTDCI/4990
4991,Rudiments of Revelation - II,Niyi Adetiloye – Rudiments of Revelation - II,Niyi Adetiloye,16.04.2025 11:17:46 UTC+01:00,1:06:03,58.1 MB,https://t.me/WeAreTDCI/4991
4992,Days of His Power,Niyi Adetiloye – Days of His Power,Niyi Adetiloye,16.04.2025 12:23:58 UTC+01:00,2:13:40,122.3 MB,https://t.me/WeAreTDCI/4992
4996,Laws of Light,Niyi Adetiloye – Laws of Light,Niyi Adetiloye,16.04.2025 19:34:14 UTC+01:00,1:08:44,70.0 MB,https://t.me/WeAreTDCI/4996
5000,My Redeemer Lives,Niyi Adetiloye – My Redeemer Lives,Niyi Adetiloye,20.04.2025 22:16:08 UTC+01:00,1:31:23,83.6 MB,https://t.me/WeAreTDCI/5000
5004,Laws of Light - II,Niyi Adetiloye – Laws of Light - II,Niyi Adetiloye,23.04.2025 20:23:53 UTC+01:00,1:57:32,117.4 MB,https://t.me/WeAreTDCI/5004
5008,An Impactful Life,Niyi Adetiloye – An Impactful Life,Niyi Adetiloye,28.04.2025 11:53:21 UTC+01:00,1:00:25,61.5 MB,https://t.me/WeAreTDCI/5008
5014,Dynamics of God's Word,Niyi Adetiloye – Dynamics of God's Word,Niyi Adetiloye,01.05.2025 15:42:31 UTC+01:00,1:31:57,93.8 MB,https://t.me/WeAreTDCI/5014
5020,Carrying the Great Commissioning,Niyi Adetiloye – Carrying the Great Commissioning,Niyi Adetiloye,06.05.2025 14:59:42 UTC+01:00,1:14:37,76.0 MB,https://t.me/WeAreTDCI/5020
5036,Dynamics of God's Word - II,Niyi Adetiloye – Dynamics of God's Word - II,Niyi Adetiloye,12.05.2025 06:23:42 UTC+01:00,1:40:13,91.7 MB,https://t.me/WeAreTDCI/5036
5038,Preamble - Sound of Abundance of Rain,Niyi Adetiloye – Preamble - Sound of Abundance of Rain,Niyi Adetiloye,12.05.2025 06:29:39 UTC+01:00,36:13,36.3 MB,https://t.me/WeAreTDCI/5038
5039,Pure Worship,Niyi Adetiloye – Pure Worship,Niyi Adetiloye,12.05.2025 06:31:15 UTC+01:00,1:16:58,79.1 MB,https://t.me/WeAreTDCI/5039
5040,The Mystery of Sound - I,Niyi Adetiloye – The Mystery of Sound - I,Niyi Adetiloye,12.05.2025 06:38:27 UTC+01:00,52:48,53.3 MB,https://t.me/WeAreTDCI/5040
5041,The Mystery of Sound - II,Niyi Adetiloye – The Mystery of Sound - II,Niyi Adetiloye,12.05.2025 06:39:31 UTC+01:00,2:00:10,126.0 MB,https://t.me/WeAreTDCI/5041
5044,Experiencing Salvation,Pastor Niyi  Adetiloye  – Experiencing Salvation,Niyi  Adetiloye,13.05.2025 21:01:03 UTC+01:00,1:00:32,55.4 MB,https://t.me/WeAreTDCI/5044
5045,Administering Salvation [Warfare],Pastor Niyi Adetiloye – Administering Salvation [Warfare],Niyi Adetiloye,13.05.2025 21:06:17 UTC+01:00,2:18:46,127.0 MB,https://t.me/WeAreTDCI/5045
5049,Prophetic Charge (Submission &The Revival),Niyi Adetiloye – Prophetic Charge (Submission &The Revival),Niyi Adetiloye,16.05.2025 08:19:42 UTC+01:00,44:00,47.5 MB,https://t.me/WeAreTDCI/5049
5050,Carrying The Great Commission - II,Niyi Adetiloye – Carrying The Great Commission - II,Niyi Adetiloye,16.05.2025 08:35:28 UTC+01:00,1:09:55,71.8 MB,https://t.me/WeAreTDCI/5050
5051,May - Miracle And Welfare Service,Niyi Adetiloye – May - Miracle And Welfare Service,Niyi Adetiloye,16.05.2025 08:50:33 UTC+01:00,1:28:54,90.7 MB,https://t.me/WeAreTDCI/5051
5054,Applying God's Word For Daily Living,Niyi Adetiloye – Applying God's Word For Daily Living,Niyi Adetiloye,21.05.2025 09:33:48 UTC+01:00,1:11:42,77.4 MB,https://t.me/WeAreTDCI/5054
5058,Prophetic Word - Wisdom and Light,Niyi Adetiloye – Prophetic Word - Wisdom and Light,Niyi Adetiloye,22.05.2025 14:49:26 UTC+01:00,1:15:00,77.0 MB,https://t.me/WeAreTDCI/5058
5059,Applying God's Word To Daily Living - II,Niyi Adetiloye – Applying God's Word To Daily Living - II,Niyi Adetiloye,22.05.2025 14:49:41 UTC+01:00,1:04:20,65.8 MB,https://t.me/WeAreTDCI/5059
5060,The Great Commission,Pastor Busayo Oluwadunsin – The Great Commission,Busayo Oluwadunsin,22.05.2025 14:53:54 UTC+01:00,1:19:13,79.9 MB,https://t.me/WeAreTDCI/5060
5061,THE HOUSE OF GOD - II,Niyi Adetiloye – THE HOUSE OF GOD - II,Niyi Adetiloye,22.05.2025 15:01:52 UTC+01:00,1:03:15,60.3 MB,https://t.me/WeAreTDCI/5061
5065,Shinning As Light,Niyi Adetiloye – Shinning As Light,Niyi Adetiloye,25.05.2025 12:38:51 UTC+01:00,1:33:06,84.6 MB,https://t.me/WeAreTDCI/5065
5069,Prophetic Word - The Harvest,Niyi Adetiloye – Prophetic Word - The Harvest,Niyi Adetiloye,30.05.2025 19:01:43 UTC+01:00,21:48,22.9 MB,https://t.me/WeAreTDCI/5069
5070,Understandest What Thou Readest,Niyi Adetiloye – Understandest What Thou Readest,Niyi Adetiloye,30.05.2025 19:11:49 UTC+01:00,1:17:46,80.5 MB,https://t.me/WeAreTDCI/5070
5074,Light Of The World.MP3,Light Of The World.MP3,Pastor Niyi Adetiloye,02.06.2025 16:23:07 UTC+01:00,1:16:44,70.2 MB,https://t.me/WeAreTDCI/5074
5085,Light of The World,Niyi Adetiloye – Light of The World,Niyi Adetiloye,05.06.2025 18:29:58 UTC+01:00,1:16:44,75.4 MB,https://t.me/WeAreTDCI/5085
5086,Prophetic Word - The Rising Troop,Niyi Adetiloye – Prophetic Word - The Rising Troop,Niyi Adetiloye,05.06.2025 18:30:45 UTC+01:00,56:50,57.4 MB,https://t.me/WeAreTDCI/5086
5087,Hath God Said,Niyi Adetiloye – Hath God Said,Niyi Adetiloye,05.06.2025 18:32:40 UTC+01:00,1:02:44,61.2 MB,https://t.me/WeAreTDCI/5087
5097,The Prayer of the Sons,Niyi Adetiloye – The Prayer of the Sons,Niyi Adetiloye,08.06.2025 20:36:24 UTC+01:00,1:22:48,88.0 MB,https://t.me/WeAreTDCI/5097
5098,Charge on Prayer,Pastor Raphael Onilenla – Charge on Prayer,Raphael Onilenla,08.06.2025 20:36:34 UTC+01:00,14:40,15.6 MB,https://t.me/WeAreTDCI/5098
5099,Help To Pray,Niyi Adetiloye – Help To Pray,Niyi Adetiloye,08.06.2025 20:36:59 UTC+01:00,1:01:12,65.7 MB,https://t.me/WeAreTDCI/5099
5100,A Perfect Heart,Niyi Adetiloye – A Perfect Heart,Niyi Adetiloye,08.06.2025 20:37:15 UTC+01:00,1:02:42,72.2 MB,https://t.me/WeAreTDCI/5100
5101,A Troop Cometh - II,Niyi Adetiloye – A Troop Cometh - II,Niyi Adetiloye,08.06.2025 20:37:23 UTC+01:00,37:56,41.7 MB,https://t.me/WeAreTDCI/5101
5102,Effective Worship,Pastor Raphael Onilenla – Effective Worship,Raphael Onilenla,08.06.2025 20:37:46 UTC+01:00,1:25:35,89.4 MB,https://t.me/WeAreTDCI/5102
5103,Prayer For The Territory,Pastor Busayo Oluwadunsin – Prayer For The Territory,Busayo Oluwadunsin,08.06.2025 20:37:57 UTC+01:00,52:18,54.8 MB,https://t.me/WeAreTDCI/5103
5104,The Rising Of Armies,Niyi Adetiloye – The Rising Of Armies,Niyi Adetiloye,08.06.2025 20:39:01 UTC+01:00,2:17:41,141.0 MB,https://t.me/WeAreTDCI/5104
5105,Light of The World - II,Niyi Adetiloye – Light of The World - II,Niyi Adetiloye,08.06.2025 20:45:35 UTC+01:00,1:12:41,74.4 MB,https://t.me/WeAreTDCI/5105
5109,Prophetic Charge - Requirements for Emergence,Niyi Adetiloye – Prophetic Charge - Requirements for Emergence,Niyi Adetiloye,11.06.2025 22:21:12 UTC+01:00,25:35,26.5 MB,https://t.me/WeAreTDCI/5109
5110,Prevalent Doctrinal Pitfalls,Niyi Adetiloye – Prevalent Doctrinal Pitfalls,Niyi Adetiloye,11.06.2025 22:21:35 UTC+01:00,1:20:51,83.3 MB,https://t.me/WeAreTDCI/5110
5114,Growing In Wisdom,Niyi Adetiloye – Growing In Wisdom,Niyi Adetiloye,16.06.2025 18:21:06 UTC+01:00,1:37:14,89.0 MB,https://t.me/WeAreTDCI/5114
5118,Prevalent Doctrinal Pitfalls - II,Niyi Adetiloye – Prevalent Doctrinal Pitfalls - II,Niyi Adetiloye,19.06.2025 22:58:00 UTC+01:00,1:19:01,83.2 MB,https://t.me/WeAreTDCI/5118
5119,Prophetic Charge - Sun of Righteousness and His Wings,Niyi Adetiloye – Prophetic Charge - Sun of Righteousness and His Wings,Niyi Adetiloye,21.06.2025 01:35:23 UTC+01:00,47:04,49.9 MB,https://t.me/WeAreTDCI/5119
5122,Dimensions Of Wisdom,Niyi Adetiloye – Dimensions Of Wisdom,Niyi Adetiloye,23.06.2025 16:28:29 UTC+01:00,1:17:26,69.6 MB,https://t.me/WeAreTDCI/5122
5130,The Emergence Of The Lord's Army- I,Niyi Adetiloye – The Emergence Of The Lord's Army- I,Niyi Adetiloye,01.07.2025 13:10:49 UTC+01:00,1:31:30,21.3 MB,https://t.me/WeAreTDCI/5130
5131,The Emergence Of The Lord's Army - Grand Finale,Niyi Adetiloye – The Emergence Of The Lord's Army - Grand Finale,Niyi Adetiloye,01.07.2025 13:16:02 UTC+01:00,1:57:48,27.5 MB,https://t.me/WeAreTDCI/5131
5144,Prayer Charge - I,Niyi Adetiloye – Prayer Charge - I,Niyi Adetiloye,07.07.2025 09:43:41 UTC+01:00,1:00:54,83.6 MB,https://t.me/WeAreTDCI/5144
5145,Prayer Charge - II,Niyi Adetiloye – Prayer Charge - II,Niyi Adetiloye,07.07.2025 09:45:48 UTC+01:00,1:50:32,151.8 MB,https://t.me/WeAreTDCI/5145
5146,Sun of Righteousness,Niyi Adetiloye – Sun of Righteousness,Niyi Adetiloye,07.07.2025 09:47:39 UTC+01:00,2:03:45,131.4 MB,https://t.me/WeAreTDCI/5146
5147,Prayer Charge - III,Pastor Raphael Onilenla – Prayer Charge - III,Raphael Onilenla,07.07.2025 09:48:31 UTC+01:00,1:01:59,63.4 MB,https://t.me/WeAreTDCI/5147
5148,Sun of Righteousness - II,Niyi Adetiloye – Sun of Righteousness - II,Niyi Adetiloye,07.07.2025 09:50:35 UTC+01:00,2:21:25,149.5 MB,https://t.me/WeAreTDCI/5148
5151,Treasure of Wisdom,Pastor Busayo Oluwadunsin – Treasure of Wisdom,Busayo Oluwadunsin,07.07.2025 10:57:22 UTC+01:00,1:02:29,85.8 MB,https://t.me/WeAreTDCI/5151
5152,Dimensions of Wisdom - II,Niyi Adetiloye – Dimensions of Wisdom - II,Niyi Adetiloye,07.07.2025 11:00:15 UTC+01:00,1:19:29,68.8 MB,https://t.me/WeAreTDCI/5152
5158,Prophetic Charge - Sun of Righteousness And His Wings - II,Niyi Adetiloye – Prophetic Charge - Sun of Righteousness And His Wings - II,Niyi Adetiloye,10.07.2025 12:07:20 UTC+01:00,50:08,68.8 MB,https://t.me/WeAreTDCI/5158
5159,Ungodly Doctrine And Their Impacts,Niyi Adetiloye – Ungodly Doctrine And Their Impacts,Niyi Adetiloye,10.07.2025 12:10:26 UTC+01:00,50:08,68.8 MB,https://t.me/WeAreTDCI/5159
5160,Prophetic Charge - Sun of Righteousness And His Wings - III,Niyi Adetiloye – Prophetic Charge - Sun of Righteousness And His Wings - III,Niyi Adetiloye,10.07.2025 12:15:05 UTC+01:00,1:14:02,101.6 MB,https://t.me/WeAreTDCI/5160
5161,Ungodly Doctrine And Their Impacts - II,Niyi Adetiloye – Ungodly Doctrine And Their Impacts - II,Niyi Adetiloye,10.07.2025 12:19:33 UTC+01:00,1:14:02,101.6 MB,https://t.me/WeAreTDCI/5161
5162,Prophetic Charge - Faith,Niyi Adetiloye – Prophetic Charge - Faith,Niyi Adetiloye,10.07.2025 12:22:01 UTC+01:00,1:02:55,55.5 MB,https://t.me/WeAreTDCI/5162
5163,Doctrinal Safeguards,Niyi Adetiloye – Doctrinal Safeguards,Niyi Adetiloye,10.07.2025 12:25:19 UTC+01:00,37:46,34.2 MB,https://t.me/WeAreTDCI/5163
5167,Wisdom For Relationships,Adizat Adetiloye – Wisdom For Relationships,Adizat Adetiloye,14.07.2025 10:37:45 UTC+01:00,1:21:09,80.4 MB,https://t.me/WeAreTDCI/5167
5168,The Believer's Authority,Niyi Adetiloye – The Believer's Authority,Niyi Adetiloye,14.07.2025 10:41:53 UTC+01:00,1:13:45,67.5 MB,https://t.me/WeAreTDCI/5168
5169,SOP Lagos Experience.mp3,Thy Kingdom Come - SOP Lagos Experience.mp3,Thy Kingdom Come,14.07.2025 10:53:58 UTC+01:00,1:35:43,43.8 MB,https://t.me/WeAreTDCI/5169
5174,Prophetic Charge - Maximizing the Breaking of Your Light,Niyi Adetiloye – Prophetic Charge - Maximizing the Breaking of Your Light,Niyi Adetiloye,17.07.2025 17:50:40 UTC+01:00,1:22:30,73.7 MB,https://t.me/WeAreTDCI/5174
5175,Rightly Dividing The Word,Niyi Adetiloye – Rightly Dividing The Word,Niyi Adetiloye,17.07.2025 17:52:14 UTC+01:00,1:46:32,96.0 MB,https://t.me/WeAreTDCI/5175
5182,Excelling By Wisdom,Niyi Adetiloye – Excelling By Wisdom,Niyi Adetiloye,28.07.2025 01:35:09 UTC+01:00,1:36:57,85.3 MB,https://t.me/WeAreTDCI/5182
5183,Excelling By Wisdom - II,Niyi Adetiloye – Excelling By Wisdom - II,Niyi Adetiloye,28.07.2025 01:37:19 UTC+01:00,40:00,41.2 MB,https://t.me/WeAreTDCI/5183
5192,Finding Direction Through The Light of God's W,Niyi Adetiloye – Finding Direction Through The Light of God's W,Niyi Adetiloye,06.08.2025 11:31:43 UTC+01:00,1:23:01,76.0 MB,https://t.me/WeAreTDCI/5192
5193,Shinning The Light Through Soul-Winning,Niyi Adetiloye – Shinning The Light Through Soul-Winning,Niyi Adetiloye,06.08.2025 11:31:43 UTC+01:00,1:09:48,72.6 MB,https://t.me/WeAreTDCI/5193
5194,Passing The Torch To The New Generation,Niyi Adetiloye – Passing The Torch To The New Generation,Niyi Adetiloye,06.08.2025 11:31:43 UTC+01:00,48:00,43.9 MB,https://t.me/WeAreTDCI/5194
5197,Prophetic Charge - Engaging The Season Of Rising,Niyi Adetiloye – Prophetic Charge - Engaging The Season Of Rising,Niyi Adetiloye,07.08.2025 12:01:45 UTC+01:00,1:06:35,69.5 MB,https://t.me/WeAreTDCI/5197
5198,Safeguarding Yourself Against Ungodly Doctrines And Errors,Niyi Adetiloye – Safeguarding Yourself Against Ungodly Doctrines And Errors,Niyi Adetiloye,07.08.2025 12:02:56 UTC+01:00,53:37,54.3 MB,https://t.me/WeAreTDCI/5198
5233,Opening Charge,Niyi Adetiloye – Opening Charge,Niyi Adetiloye,19.08.2025 10:13:10 UTC+01:00,2:04:37,136.2 MB,https://t.me/WeAreTDCI/5233
5234,The Church from Jordan to Gilgal,Niyi Adetiloye – The Church from Jordan to Gilgal,Niyi Adetiloye,19.08.2025 10:15:42 UTC+01:00,1:09:28,70.4 MB,https://t.me/WeAreTDCI/5234
5235,Warring to Unlock Seasons,Niyi Adetiloye – Warring to Unlock Seasons,Niyi Adetiloye,19.08.2025 10:16:07 UTC+01:00,1:17:23,79.5 MB,https://t.me/WeAreTDCI/5235
5236,Prayer Charge - I,Pastor Raphael Onilenla – Prayer Charge - I,Raphael Onilenla,19.08.2025 10:16:21 UTC+01:00,45:24,46.6 MB,https://t.me/WeAreTDCI/5236
5237,Charge On Gilgal - I,Pastor Busayo Oluwadunsin – Charge On Gilgal - I,Busayo Oluwadunsin,19.08.2025 10:17:33 UTC+01:00,1:13:05,75.1 MB,https://t.me/WeAreTDCI/5237
5238,The Church from Jordan to Gilgal - II,Niyi Adetiloye – The Church from Jordan to Gilgal - II,Niyi Adetiloye,19.08.2025 10:18:02 UTC+01:00,1:28:45,93.7 MB,https://t.me/WeAreTDCI/5238
5239,Decision To Follow The Lord - Prayers,Pastor Henry Edebatu – Decision To Follow The Lord - Prayers,Henry Edebatu,19.08.2025 10:18:32 UTC+01:00,1:23:36,91.8 MB,https://t.me/WeAreTDCI/5239
5240,Prophetic Prayers - I,Niyi Adetiloye – Prophetic Prayers - I,Niyi Adetiloye,19.08.2025 10:19:04 UTC+01:00,1:37:31,107.6 MB,https://t.me/WeAreTDCI/5240
5241,Demands of Divine Partnership,Niyi Adetiloye – Demands of Divine Partnership,Niyi Adetiloye,19.08.2025 10:19:24 UTC+01:00,56:31,57.2 MB,https://t.me/WeAreTDCI/5241
5242,Prayer Charge - II,Pastor Raphael Onilenla – Prayer Charge - II,Raphael Onilenla,19.08.2025 10:19:56 UTC+01:00,1:29:43,91.2 MB,https://t.me/WeAreTDCI/5242
5243,Prayer Charge - II,Pastor Raphael Onilenla – Prayer Charge - II,Raphael Onilenla,19.08.2025 10:20:24 UTC+01:00,1:29:43,91.2 MB,https://t.me/WeAreTDCI/5243
5244,Faith and Power for Divine Partnership,Niyi Adetiloye – Faith and Power for Divine Partnership,Niyi Adetiloye,19.08.2025 10:20:50 UTC+01:00,1:12:49,72.7 MB,https://t.me/WeAreTDCI/5244
5245,Prayer For Cells (Fellowship & Discipleship Centers),Pastor Henry Edebatu – Prayer For Cells (Fellowship & Discipleship Centers),Henry Edebatu,19.08.2025 10:24:41 UTC+01:00,46:35,49.3 MB,https://t.me/WeAreTDCI/5245
5246,Heart Circumcision as Covenant,Niyi Adetiloye – Heart Circumcision as Covenant,Niyi Adetiloye,19.08.2025 10:25:15 UTC+01:00,1:49:10,107.3 MB,https://t.me/WeAreTDCI/5246
5247,Charge On Gilgal - II,Pastor Busayo Oluwadunsin – Charge On Gilgal - II,Busayo Oluwadunsin,19.08.2025 10:25:33 UTC+01:00,53:22,54.5 MB,https://t.me/WeAreTDCI/5247
5248,Cutting off the Foreskin,Niyi Adetiloye – Cutting off the Foreskin,Niyi Adetiloye,19.08.2025 10:26:13 UTC+01:00,2:06:27,128.1 MB,https://t.me/WeAreTDCI/5248
5249,Tokens of a Prophetic Company,Niyi Adetiloye – Tokens of a Prophetic Company,Niyi Adetiloye,19.08.2025 10:26:49 UTC+01:00,1:54:49,117.8 MB,https://t.me/WeAreTDCI/5249
5250,Prayer Charge - III,Pastor Raphael Onilenla – Prayer Charge - III,Raphael Onilenla,19.08.2025 10:26:55 UTC+01:00,19:09,19.7 MB,https://t.me/WeAreTDCI/5250
5251,Instruction To Music Ministers,Niyi Adetiloye – Instruction To Music Ministers,Niyi Adetiloye,19.08.2025 10:27:01 UTC+01:00,18:25,18.9 MB,https://t.me/WeAreTDCI/5251
5285,Kingdom Authority,Niyi Adetiloye – Kingdom Authority,Niyi Adetiloye,27.08.2025 23:31:00 UTC+01:00,1:28:55,102.0 MB,https://t.me/WeAreTDCI/5285
5287,Engaging The Season Of Revival,Niyi Adetiloye – Engaging The Season Of Revival,Niyi Adetiloye,28.08.2025 10:11:01 UTC+01:00,1:15:37,69.2 MB,https://t.me/WeAreTDCI/5287
5288,Engaging Divine Times And Seasons,Niyi Adetiloye – Engaging Divine Times And Seasons,Niyi Adetiloye,28.08.2025 10:32:44 UTC+01:00,2:19:13,127.4 MB,https://t.me/WeAreTDCI/5288
5298,Walking in Wisdom,Busayo Oluwadunsin – Walking in Wisdom,Busayo Oluwadunsin,31.08.2025 10:58:11 UTC+01:00,1:03:02,62.8 MB,https://t.me/WeAreTDCI/5298
5305,Practical Wisdom,Niyi Adetiloye – Practical Wisdom,Niyi Adetiloye,02.09.2025 02:28:07 UTC+01:00,43:18,39.0 MB,https://t.me/WeAreTDCI/5305
5306,Excelling By Wisdom (Dimensions of Wisdom),Niyi Adetiloye – Excelling By Wisdom (Dimensions of Wisdom),Niyi Adetiloye,02.09.2025 02:30:23 UTC+01:00,1:12:23,75.8 MB,https://t.me/WeAreTDCI/5306
5308,Crafting Children For Purpose,Niyi Adetiloye – Crafting Children For Purpose,Niyi Adetiloye,02.09.2025 02:35:21 UTC+01:00,1:10:25,71.9 MB,https://t.me/WeAreTDCI/5308
5309,Maturing Into Wisdom,Niyi Adetiloye – Maturing Into Wisdom,Niyi Adetiloye,02.09.2025 02:36:28 UTC+01:00,1:11:22,71.2 MB,https://t.me/WeAreTDCI/5309
5310,The Root of Wisdom,Pastor Henry Edebatu – The Root of Wisdom,Henry Edebatu,02.09.2025 02:39:44 UTC+01:00,57:23,58.4 MB,https://t.me/WeAreTDCI/5310
5311,Walking in Wisdom,Busayo Oluwadunsin – Walking in Wisdom,Busayo Oluwadunsin,02.09.2025 02:40:39 UTC+01:00,1:03:02,62.8 MB,https://t.me/WeAreTDCI/5311
5312,Sharpening Your Scripture Skills,Pastor Busayo Oluwadunsin – Sharpening Your Scripture Skills,Busayo Oluwadunsin,02.09.2025 02:45:38 UTC+01:00,1:38:16,100.9 MB,https://t.me/WeAreTDCI/5312
5313,The Personal Prayer Life - I,Niyi Adetiloye – The Personal Prayer Life - I,Niyi Adetiloye,02.09.2025 03:05:43 UTC+01:00,1:21:14,70.3 MB,https://t.me/WeAreTDCI/5313
5314,The Personal Prayer Life - II,Pastor Busayo Oluwadunsin – The Personal Prayer Life - II,Busayo Oluwadunsin,02.09.2025 03:12:53 UTC+01:00,1:14:17,62.8 MB,https://t.me/WeAreTDCI/5314
5315,The Personal Prayer Life - III,Niyi Adetiloye – The Personal Prayer Life - III,Niyi Adetiloye,02.09.2025 03:20:28 UTC+01:00,1:24:35,77.5 MB,https://t.me/WeAreTDCI/5315
5328,The Personal Prayer Life - IV,Niyi Adetiloye – The Personal Prayer Life - IV,Niyi Adetiloye,05.09.2025 01:00:44 UTC+01:00,1:12:01,65.9 MB,https://t.me/WeAreTDCI/5328
5339,The Lord Of Host - Prayer Emphasis,Niyi Adetiloye – The Lord Of Host - Prayer Emphasis,Niyi Adetiloye,07.09.2025 17:37:39 UTC+01:00,45:58,48.6 MB,https://t.me/WeAreTDCI/5339
5340,Prayer Charge,Niyi Adetiloye – Prayer Charge,Niyi Adetiloye,07.09.2025 17:37:45 UTC+01:00,32:15,33.1 MB,https://t.me/WeAreTDCI/5340
5341,Prayer Burdens - I,Pastor Raphael Onilenla – Prayer Burdens - I,Raphael Onilenla,07.09.2025 17:38:01 UTC+01:00,33:18,33.7 MB,https://t.me/WeAreTDCI/5341
5342,Prayer Burden And Prophecy,Pastor Henry Edebatu – Prayer Burden And Prophecy,Henry Edebatu,07.09.2025 17:38:14 UTC+01:00,46:49,48.8 MB,https://t.me/WeAreTDCI/5342
5343,Prayer Burdens - II,Niyi Adetiloye – Prayer Burdens - II,Niyi Adetiloye,07.09.2025 17:38:43 UTC+01:00,1:29:50,101.5 MB,https://t.me/WeAreTDCI/5343
5344,The Lord Of Host - I,Niyi Adetiloye – The Lord Of Host - I,Niyi Adetiloye,07.09.2025 17:39:07 UTC+01:00,46:15,49.3 MB,https://t.me/WeAreTDCI/5344
5345,Charge On The Coming Army,Pastor Raphael Onilenla – Charge On The Coming Army,Raphael Onilenla,07.09.2025 17:39:46 UTC+01:00,1:32:48,93.8 MB,https://t.me/WeAreTDCI/5345
5346,Preparation For The Coming The Lord Of The Army,Pastor Busayo Oluwadunsin – Preparation For The Coming The Lord Of The Army,Busayo Oluwadunsin,07.09.2025 17:40:21 UTC+01:00,1:06:39,67.3 MB,https://t.me/WeAreTDCI/5346
5347,The Lord Of Host - II,Niyi Adetiloye – The Lord Of Host - II,Niyi Adetiloye,07.09.2025 17:41:13 UTC+01:00,42:24,42.7 MB,https://t.me/WeAreTDCI/5347
5348,Prayer Burden - III,Niyi Adetiloye – Prayer Burden - III,Niyi Adetiloye,07.09.2025 17:41:32 UTC+01:00,1:07:50,64.2 MB,https://t.me/WeAreTDCI/5348
5349,Excelling By Wisdom (Obedience),Niyi Adetiloye – Excelling By Wisdom (Obedience),Niyi Adetiloye,07.09.2025 17:54:27 UTC+01:00,1:16:04,66.5 MB,https://t.me/WeAreTDCI/5349
5383,The Reproach of Egypt,Niyi Adetiloye – The Reproach of Egypt,Niyi Adetiloye,19.09.2025 20:40:24 UTC+01:00,40:29,45.8 MB,https://t.me/WeAreTDCI/5383
5386,Revelation-Driven Prayer Life.mp3,Niyi Adetiloye – Revelation-Driven Prayer Life.mp3,Niyi Adetiloye,24.09.2025 15:18:58 UTC+01:00,1:31:39,69.4 MB,https://t.me/WeAreTDCI/5386
5387,Converting Scriptures To Wisdom,Niyi Adetiloye – Converting Scriptures To Wisdom,Niyi Adetiloye,24.09.2025 15:48:36 UTC+01:00,1:26:16,62.9 MB,https://t.me/WeAreTDCI/5387
5388,Consecration Pillar For Personal Prayer,Niyi Adetiloye – Consecration Pillar For Personal Prayer,Niyi Adetiloye,24.09.2025 16:02:45 UTC+01:00,1:27:40,64.5 MB,https://t.me/WeAreTDCI/5388
5389,Essential Wisdom For Exercising Authority,Niyi Adetiloye – Essential Wisdom For Exercising Authority,Niyi Adetiloye,24.09.2025 16:09:19 UTC+01:00,38:01,25.7 MB,https://t.me/WeAreTDCI/5389
5425,The Ordinance Of Warfare And Judgment - I,Niyi Adetiloye – The Ordinance Of Warfare And Judgment - I,Niyi Adetiloye,16.10.2025 11:17:18 UTC+01:00,41:57,20.3 MB,https://t.me/WeAreTDCI/5425
5426,The Ordinance Of Warfare And Judgment - II,Niyi Adetiloye – The Ordinance Of Warfare And Judgment - II,Niyi Adetiloye,16.10.2025 11:17:18 UTC+01:00,1:46:41,50.3 MB,https://t.me/WeAreTDCI/5426
5427,The Ordinance Of Warfare And Judgment - III,Niyi Adetiloye – The Ordinance Of Warfare And Judgment - III,Niyi Adetiloye,16.10.2025 11:17:18 UTC+01:00,2:35:39,72.9 MB,https://t.me/WeAreTDCI/5427
5429,The Token of His Coming,Niyi Adetiloye – The Token of His Coming,Niyi Adetiloye,16.10.2025 11:46:02 UTC+01:00,1:16:25,33.9 MB,https://t.me/WeAreTDCI/5429
5430,Preparing A People for The Lord,Niyi Adetiloye – Preparing A People for The Lord,Niyi Adetiloye,16.10.2025 11:51:01 UTC+01:00,2:53:30,159.2 MB,https://t.me/WeAreTDCI/5430
5431,The Bride and The Army,Niyi Adetiloye – The Bride and The Army,Niyi Adetiloye,16.10.2025 11:53:35 UTC+01:00,1:36:09,85.3 MB,https://t.me/WeAreTDCI/5431
5432,Spirit Of Wisdom,Pastor Busayo Oluwadunsin – Spirit Of Wisdom,Busayo Oluwadunsin,18.10.2025 04:56:49 UTC+01:00,1:32:08,66.9 MB,https://t.me/WeAreTDCI/5432
5436,The King Of Glory,Niyi Adetiloye – The King Of Glory,Niyi Adetiloye,21.10.2025 16:23:29 UTC+01:00,1:28:31,81.0 MB,https://t.me/WeAreTDCI/5436
5437,The Burden Of The King Of Glory,Pastor Emeka Agbugba – The Burden Of The King Of Glory,Emeka Agbugba,21.10.2025 16:23:49 UTC+01:00,39:24,36.0 MB,https://t.me/WeAreTDCI/5437
5438,The Army Of The Glory - Its Description,Prophet Ayokunle Olusoji – The Army Of The Glory - Its Description,Ayokunle Olusoji,21.10.2025 16:24:24 UTC+01:00,1:02:30,57.2 MB,https://t.me/WeAreTDCI/5438
5439,The Nature Of The Army,Pastor Elijah Oronsaye – The Nature Of The Army,Elijah Oronsaye,21.10.2025 16:24:53 UTC+01:00,49:27,45.2 MB,https://t.me/WeAreTDCI/5439
5440,Cry For The Glorious Army,Pastor Olajide Olawoyin – Cry For The Glorious Army,Olajide Olawoyin,21.10.2025 16:25:24 UTC+01:00,48:41,44.5 MB,https://t.me/WeAreTDCI/5440
5441,Kings And Priests - I,Niyi Adetiloye – Kings And Priests - I,Niyi Adetiloye,21.10.2025 16:26:01 UTC+01:00,1:01:46,56.5 MB,https://t.me/WeAreTDCI/5441
5442,Defenders of the Glory of Zion,Pastor Femi Emmanuel – Defenders of the Glory of Zion,Femi Emmanuel,21.10.2025 16:26:32 UTC+01:00,52:40,48.2 MB,https://t.me/WeAreTDCI/5442
5443,Kings And Priest - II,Niyi Adetiloye – Kings And Priest - II,Niyi Adetiloye,21.10.2025 16:27:08 UTC+01:00,1:00:27,55.3 MB,https://t.me/WeAreTDCI/5443
5444,The Army Of The Glory,Pastor Toba Dada – The Army Of The Glory,Toba Dada,21.10.2025 16:27:40 UTC+01:00,50:35,46.3 MB,https://t.me/WeAreTDCI/5444
5445,Prophetic Sightings Of The Posture Of The Lord's Army Today,Pastor Emmanuel Eleru – Prophetic Sightings Of The Posture Of The Lord's Army Today,Emmanuel Eleru,21.10.2025 16:28:03 UTC+01:00,39:28,36.1 MB,https://t.me/WeAreTDCI/5445
5446,Help For The Army Of Glory,Pastor Olajide Olawoyin – Help For The Army Of Glory,Olajide Olawoyin,21.10.2025 16:28:48 UTC+01:00,1:05:48,60.2 MB,https://t.me/WeAreTDCI/5446
5447,Army Of The Kingdom,Niyi Adetiloye – Army Of The Kingdom,Niyi Adetiloye,21.10.2025 16:29:42 UTC+01:00,1:33:54,85.9 MB,https://t.me/WeAreTDCI/5447
5448,The Hallmark of the Army of the Glory,Pastor Busayo Oluwadunsin – The Hallmark of the Army of the Glory,Busayo Oluwadunsin,21.10.2025 16:30:17 UTC+01:00,53:01,48.5 MB,https://t.me/WeAreTDCI/5448
5449,Breaking Down Witchcraft Walls,Pastor Raphael Onilenla – Breaking Down Witchcraft Walls,Raphael Onilenla,21.10.2025 16:31:02 UTC+01:00,57:21,52.5 MB,https://t.me/WeAreTDCI/5449
5450,Army Of The Kingdom-II,Niyi Adetiloye – Army Of The Kingdom-II,Niyi Adetiloye,21.10.2025 16:31:19 UTC+01:00,18:48,17.2 MB,https://t.me/WeAreTDCI/5450
5451,The Cup And The Baptism,Pastor Toba Dada – The Cup And The Baptism,Toba Dada,21.10.2025 16:33:21 UTC+01:00,2:54:50,160.0 MB,https://t.me/WeAreTDCI/5451
5452,The Army Of The Glory - Submission,Pastor Adizat Adetiloye – The Army Of The Glory - Submission,Adizat Adetiloye,21.10.2025 16:33:47 UTC+01:00,41:29,37.9 MB,https://t.me/WeAreTDCI/5452
5453,Sign Adalumo – The Eagle Army,Bishop Salom-Sign Adalumo – The Eagle Army,Bishop Salom,21.10.2025 16:34:09 UTC+01:00,30:23,27.8 MB,https://t.me/WeAreTDCI/5453
5454,Army Of Power And Glory,Niyi Adetiloye – Army Of Power And Glory,Niyi Adetiloye,21.10.2025 16:36:10 UTC+01:00,3:02:42,167.2 MB,https://t.me/WeAreTDCI/5454
5459,The Path of the Just.mp3,The Path of the Just.mp3,Pastor Niyi Adetiloye,28.10.2025 08:56:41 UTC+01:00,1:16:03,71.4 MB,https://t.me/WeAreTDCI/5459
5460,Civilian Affairs,Niyi Adetiloye – Civilian Affairs,Niyi Adetiloye,29.10.2025 10:17:21 UTC+01:00,1:14:24,68.1 MB,https://t.me/WeAreTDCI/5460
5463,Prophetic Charge - Renewal Of Wells And Mantles,Niyi Adetiloye – Prophetic Charge - Renewal Of Wells And Mantles,Niyi Adetiloye,30.10.2025 19:17:58 UTC+01:00,28:56,26.4 MB,https://t.me/WeAreTDCI/5463
5464,Civilian Affairs - II,Niyi Adetiloye – Civilian Affairs - II,Niyi Adetiloye,30.10.2025 19:19:05 UTC+01:00,1:00:35,55.4 MB,https://t.me/WeAreTDCI/5464
5470,Entrances & Prophetic Charge,Niyi Adetiloye – Entrances & Prophetic Charge,Niyi Adetiloye,07.11.2025 13:43:12 UTC+01:00,1:29:47,89.0 MB,https://t.me/WeAreTDCI/5470
5481,Taking Strong Cities - I,Pastor Raphael Onilenla – Taking Strong Cities - I,Raphael Onilenla,13.11.2025 20:00:14 UTC+01:00,35:27,29.4 MB,https://t.me/WeAreTDCI/5481
5482,Spiritual Warfare,Pastor Busayo Oluwadunsin – Spiritual Warfare,Busayo Oluwadunsin,13.11.2025 20:00:14 UTC+01:00,50:33,35.5 MB,https://t.me/WeAreTDCI/5482
5483,Taking Strong Cities - II,Pastor Raphael Onilenla – Taking Strong Cities - II,Raphael Onilenla,13.11.2025 20:00:14 UTC+01:00,54:38,46.7 MB,https://t.me/WeAreTDCI/5483
5484,Conquering A Strong City,Pastor Busayo Oluwadunsin – Conquering A Strong City,Busayo Oluwadunsin,13.11.2025 20:00:14 UTC+01:00,1:23:46,56.0 MB,https://t.me/WeAreTDCI/5484
5485,Conquering Strong Cities,Niyi Adetiloye – Conquering Strong Cities,Niyi Adetiloye,13.11.2025 20:00:14 UTC+01:00,1:54:12,95.9 MB,https://t.me/WeAreTDCI/5485
5486,Entrances - II,Niyi Adetiloye – Entrances - II,Niyi Adetiloye,15.11.2025 02:19:54 UTC+01:00,1:43:01,104.1 MB,https://t.me/WeAreTDCI/5486
5489,Eagle's Wings - I,Niyi Adetiloye – Eagle's Wings - I,Niyi Adetiloye,18.11.2025 10:48:05 UTC+01:00,1:43:49,95.0 MB,https://t.me/WeAreTDCI/5489
5490,Eagle's Wings - II,Niyi Adetiloye – Eagle's Wings - II,Niyi Adetiloye,18.11.2025 10:53:50 UTC+01:00,1:05:57,60.3 MB,https://t.me/WeAreTDCI/5490
5493,Prophetic Perspectives - State Of The Nation,Niyi Adetiloye – Prophetic Perspectives - State Of The Nation,Niyi Adetiloye,20.11.2025 11:18:19 UTC+01:00,59:48,61.3 MB,https://t.me/WeAreTDCI/5493
5496,Come Unto Me,Niyi Adetiloye – Come Unto Me,Niyi Adetiloye,23.11.2025 14:47:59 UTC+01:00,1:04:50,49.6 MB,https://t.me/WeAreTDCI/5496
5505,The Cross And The Crown.MP3,Niyi Adetiloye – The Cross And The Crown.MP3,Niyi Adetiloye,04.12.2025 17:26:56 UTC+01:00,1:44:59,96.1 MB,https://t.me/WeAreTDCI/5505
5507,The Believer's Authority Continued,Niyi Adetiloye – The Believer's Authority Continued,Niyi Adetiloye,04.12.2025 17:48:44 UTC+01:00,51:49,47.4 MB,https://t.me/WeAreTDCI/5507
5517,Dynamics Of The Blood,Niyi Adetiloye – Dynamics Of The Blood,Niyi Adetiloye,08.12.2025 11:27:37 UTC+01:00,36:16,23.7 MB,https://t.me/WeAreTDCI/5517
5518,Prayers - I,Pastor Henry Edebatu – Prayers - I,Henry Edebatu,08.12.2025 11:28:14 UTC+01:00,17:20,11.9 MB,https://t.me/WeAreTDCI/5518
5519,Walls of Salvation,Niyi Adetiloye; – Walls of Salvation,Niyi Adetiloye;,08.12.2025 11:29:11 UTC+01:00,1:46:06,71.9 MB,https://t.me/WeAreTDCI/5519
5520,Prophetic Prayers,Niyi Adetiloye – Prophetic Prayers,Niyi Adetiloye,08.12.2025 11:29:41 UTC+01:00,55:57,38.9 MB,https://t.me/WeAreTDCI/5520
5521,Building A Strong City,Niyi Adetiloye – Building A Strong City,Niyi Adetiloye,08.12.2025 11:30:36 UTC+01:00,1:48:47,72.7 MB,https://t.me/WeAreTDCI/5521
5524,Prayer Charge,Niyi Adetiloye – Prayer Charge,Niyi Adetiloye,10.12.2025 19:51:10 UTC+01:00,26:03,27.0 MB,https://t.me/WeAreTDCI/5524
5525,Power Of An Endless Life,Niyi Adetiloye – Power Of An Endless Life,Niyi Adetiloye,10.12.2025 19:51:34 UTC+01:00,1:10:09,72.7 MB,https://t.me/WeAreTDCI/5525
5526,Re-Alignment,NIYI ADETILOYE – Re-Alignment,NIYI ADETILOYE,10.12.2025 20:01:19 UTC+01:00,1:33:47,92.8 MB,https://t.me/WeAreTDCI/5526
5529,From Scripture To Society,Niyi Adetiloye – From Scripture To Society,Niyi Adetiloye,14.12.2025 13:12:07 UTC+01:00,1:43:33,128.6 MB,https://t.me/WeAreTDCI/5529
5541,Spiritual Renewal,Niyi Adetiloye – Spiritual Renewal,Niyi Adetiloye,02.01.2026 17:41:39 UTC+01:00,1:17:14,77.5 MB,https://t.me/WeAreTDCI/5541
5542,Waiting On God,Niyi Adetiloye – Waiting On God,Niyi Adetiloye,02.01.2026 17:42:03 UTC+01:00,1:19:06,73.1 MB,https://t.me/WeAreTDCI/5542
5543,Jesus The Seed Of Abraham,Niyi Adetiloye – Jesus The Seed Of Abraham,Niyi Adetiloye,02.01.2026 18:32:29 UTC+01:00,51:43,46.0 MB,https://t.me/WeAreTDCI/5543
5546,Starting with God,Niyi Adetiloye – Starting with God,Niyi Adetiloye,04.01.2026 12:06:26 UTC+01:00,1:34:15,91.5 MB,https://t.me/WeAreTDCI/5546
5556,Personal Audit,Niyi Adetiloye – Personal Audit,Niyi Adetiloye,06.01.2026 11:48:24 UTC+01:00,1:42:23,64.6 MB,https://t.me/WeAreTDCI/5556
5557,A Grateful Heart,Niyi Adetiloye – A Grateful Heart,Niyi Adetiloye,06.01.2026 11:48:39 UTC+01:00,1:12:23,47.3 MB,https://t.me/WeAreTDCI/5557
5558,WORD SESSION 1 - HOUSE RETREAT 2025- DAY 2_102617204.m4a,WORD SESSION 1 - HOUSE RETREAT 2025- DAY 2_102617204.m4a,Pastor Niyi Adetiloye,06.01.2026 12:18:25 UTC+01:00,1:40:31,23.5 MB,https://t.me/WeAreTDCI/5558
5559,WORD SESSION 2 - DAY 2 - HOUSE RETREAT 2025.m4a,WORD SESSION 2 - DAY 2 - HOUSE RETREAT 2025.m4a,Pastor Niyi Adetiloye,06.01.2026 12:18:39 UTC+01:00,2:11:40,30.7 MB,https://t.me/WeAreTDCI/5559
5580,30 DAYS FAST - DAY 8,Niyi Adetiloye – 30 DAYS FAST - DAY 8,Niyi Adetiloye,12.01.2026 18:53:54 UTC+01:00,54:00,58.7 MB,https://t.me/WeAreTDCI/5580
5583,30 DAYS FAST - DAY 9,Pastor Raphael Onilenla – 30 DAYS FAST - DAY 9,Raphael Onilenla,13.01.2026 18:41:36 UTC+01:00,26:16,18.0 MB,https://t.me/WeAreTDCI/5583
5597,30 DAYS FAST - DAY 11,Niyi Adetiloye – 30 DAYS FAST - DAY 11,Niyi Adetiloye,17.01.2026 00:26:12 UTC+01:00,42:28,30.0 MB,https://t.me/WeAreTDCI/5597
5598,30 DAYS FAST - DAY 12,Niyi Adetiloye – 30 DAYS FAST - DAY 12,Niyi Adetiloye,17.01.2026 00:26:26 UTC+01:00,25:34,18.4 MB,https://t.me/WeAreTDCI/5598
5600,Biblical Fasting,Niyi Adetiloye – Biblical Fasting,Niyi Adetiloye,17.01.2026 12:53:40 UTC+01:00,1:33:41,82.0 MB,https://t.me/WeAreTDCI/5600
5601,Gospel Recap,NIYI ADETILOYE – Gospel Recap,NIYI ADETILOYE,17.01.2026 12:54:24 UTC+01:00,1:23:44,58.8 MB,https://t.me/WeAreTDCI/5601
5608,30 DAYS FAST - DAY 15,NIYI ADETILOYE – 30 DAYS FAST - DAY 15,NIYI ADETILOYE,19.01.2026 18:40:58 UTC+01:00,31:08,22.5 MB,https://t.me/WeAreTDCI/5608
5616,30 DAYS FAST - DAY 18,NIYI ADETILOYE – 30 DAYS FAST - DAY 18,NIYI ADETILOYE,22.01.2026 18:40:58 UTC+01:00,39:31,28.3 MB,https://t.me/WeAreTDCI/5616
5624,30 DAYS FAST - DAY 22,Niyi Adetiloye – 30 DAYS FAST - DAY 22,Niyi Adetiloye,26.01.2026 18:47:10 UTC+01:00,41:31,44.4 MB,https://t.me/WeAreTDCI/5624
5631,The Good Fight,Niyi Adetiloye – The Good Fight,Niyi Adetiloye,29.01.2026 10:18:44 UTC+01:00,2:12:52,112.2 MB,https://t.me/WeAreTDCI/5631
5632,The Good Fight - II,Niyi Adetiloye – The Good Fight - II,Niyi Adetiloye,29.01.2026 10:18:55 UTC+01:00,1:24:23,71.4 MB,https://t.me/WeAreTDCI/5632
5633,Faith & Verity - I,Niyi Adetiloye – Faith & Verity - I,Niyi Adetiloye,29.01.2026 10:19:07 UTC+01:00,2:08:33,111.5 MB,https://t.me/WeAreTDCI/5633
5634,Faith & Verity - II,Niyi Adetiloye – Faith & Verity - II,Niyi Adetiloye,29.01.2026 10:19:20 UTC+01:00,1:49:19,94.3 MB,https://t.me/WeAreTDCI/5634
5635,Understanding Prayer,Pastor Busayo Oluwadunsin – Understanding Prayer,Busayo Oluwadunsin,29.01.2026 10:21:09 UTC+01:00,1:53:09,77.4 MB,https://t.me/WeAreTDCI/5635
5636,Fight Of Faith,Pastor Raphael Onilenla – Fight Of Faith,Raphael Onilenla,29.01.2026 10:21:21 UTC+01:00,1:05:11,43.3 MB,https://t.me/WeAreTDCI/5636
5637,Gospel Recap - II,Niyi Adetiloye – Gospel Recap - II,Niyi Adetiloye,29.01.2026 10:49:39 UTC+01:00,1:41:29,86.9 MB,https://t.me/WeAreTDCI/5637
5638,Pursuing Life's Mission,Niyi Adetiloye – Pursuing Life's Mission,Niyi Adetiloye,29.01.2026 10:53:33 UTC+01:00,1:20:08,68.2 MB,https://t.me/WeAreTDCI/5638
5639,Submitting to Lordship,Niyi Adetiloye – Submitting to Lordship,Niyi Adetiloye,29.01.2026 10:53:54 UTC+01:00,1:04:47,63.6 MB,https://t.me/WeAreTDCI/5639
5642,Prayer and Fasting Day 25,NIYI ADETILOYE – Prayer and Fasting Day 25,NIYI ADETILOYE,29.01.2026 19:24:33 UTC+01:00,1:04:23,45.3 MB,https://t.me/WeAreTDCI/5642
5645,30 DAYS FAST - DAY 26,NIYI ADETILOYE – 30 DAYS FAST - DAY 26,NIYI ADETILOYE,30.01.2026 19:07:09 UTC+01:00,42:38,30.1 MB,https://t.me/WeAreTDCI/5645
5648,Running The Race,Niyi Adetiloye – Running The Race,Niyi Adetiloye,02.02.2026 12:47:59 UTC+01:00,1:19:09,66.1 MB,https://t.me/WeAreTDCI/5648
5651,30 DAYS FAST - DAY 26,NIYI ADETILOYE – 30 DAYS FAST - DAY 26,NIYI ADETILOYE,02.02.2026 18:36:35 UTC+01:00,27:44,19.6 MB,https://t.me/WeAreTDCI/5651
5670,Rules Of Running,Niyi Adetiloye – Rules Of Running,Niyi Adetiloye,10.02.2026 14:04:24 UTC+01:00,1:04:14,58.8 MB,https://t.me/WeAreTDCI/5670
5672,Firebrand,Niyi Adetiloye – Firebrand,Niyi Adetiloye,10.02.2026 14:53:06 UTC+01:00,2:09:16,87.8 MB,https://t.me/WeAreTDCI/5672
5673,Prophetic Prayer - I,Niyi Adetiloye – Prophetic Prayer - I,Niyi Adetiloye,10.02.2026 15:00:52 UTC+01:00,28:48,20.2 MB,https://t.me/WeAreTDCI/5673
5674,Fiery Gifts,Niyi Adetiloye – Fiery Gifts,Niyi Adetiloye,10.02.2026 15:13:40 UTC+01:00,1:23:40,57.0 MB,https://t.me/WeAreTDCI/5674
5675,Final Prayers,Niyi Adetiloye – Final Prayers,Niyi Adetiloye,10.02.2026 15:22:14 UTC+01:00,28:49,24.3 MB,https://t.me/WeAreTDCI/5675
5676,Cultivating A Submissive Heart,Niyi Adetiloye – Cultivating A Submissive Heart,Niyi Adetiloye,10.02.2026 15:59:19 UTC+01:00,1:41:03,86.7 MB,https://t.me/WeAreTDCI/5676
5681,Prophetic Charge - Consecration Of The Season,Niyi Adetiloye – Prophetic Charge - Consecration Of The Season,Niyi Adetiloye,17.02.2026 07:50:26 UTC+01:00,25:14,21.3 MB,https://t.me/WeAreTDCI/5681
5682,Spirituals Recap,Niyi Adetiloye – Spirituals Recap,Niyi Adetiloye,17.02.2026 08:00:55 UTC+01:00,1:20:26,69.8 MB,https://t.me/WeAreTDCI/5682
5687,Paradosis - Apostolic Traditions,Niyi Adetiloye – Paradosis - Apostolic Traditions,Niyi Adetiloye,19.02.2026 01:35:04 UTC+01:00,1:24:31,116.0 MB,https://t.me/WeAreTDCI/5687
5690,My Horn Shall Be Exalted,Niyi Adetiloye – My Horn Shall Be Exalted,Niyi Adetiloye,23.02.2026 16:42:30 UTC+01:00,1:51:33,102.1 MB,https://t.me/WeAreTDCI/5690
5693,Paradosis - Continued,NIYI ADETILOYE – Paradosis - Continued,NIYI ADETILOYE,25.02.2026 19:56:50 UTC+01:00,1:16:17,76.7 MB,https://t.me/WeAreTDCI/5693
5705,Rules of the Race,NIYI ADETILOYE – Rules of the Race,NIYI ADETILOYE,09.03.2026 23:53:50 UTC+01:00,1:09:38,71.0 MB,https://t.me/WeAreTDCI/5705
5706,Graphe - Apostolic Traditions,NIYI ADETILOYE – Graphe - Apostolic Traditions,NIYI ADETILOYE,10.03.2026 00:07:02 UTC+01:00,1:05:16,65.4 MB,https://t.me/WeAreTDCI/5706
5707,"Revelation, Communion And Worship","NIYI ADETILOYE – Revelation, Communion And Worship",NIYI ADETILOYE,10.03.2026 12:20:43 UTC+01:00,1:30:09,78.6 MB,https://t.me/WeAreTDCI/5707
5709,Charge,NIYI ADETILOYE – Charge,NIYI ADETILOYE,10.03.2026 14:14:58 UTC+01:00,28:02,29.2 MB,https://t.me/WeAreTDCI/5709
5710,Prayer - I,Pastor Henry Edebatu – Prayer - I,Henry Edebatu,10.03.2026 14:15:54 UTC+01:00,29:37,31.4 MB,https://t.me/WeAreTDCI/5710
5711,Thou Shall Decree A Thing,NIYI ADETILOYE – Thou Shall Decree A Thing,NIYI ADETILOYE,10.03.2026 14:17:32 UTC+01:00,2:18:57,139.6 MB,https://t.me/WeAreTDCI/5711
5712,Prayer Charge - I,Pastor Raphael Onilenla – Prayer Charge - I,Raphael Onilenla,10.03.2026 14:17:59 UTC+01:00,1:18:08,72.2 MB,https://t.me/WeAreTDCI/5712
5713,Prayer Charge - I,NIYI ADETILOYE – Prayer Charge - I,NIYI ADETILOYE,10.03.2026 14:18:43 UTC+01:00,1:55:24,121.7 MB,https://t.me/WeAreTDCI/5713
5724,"Revelation, Communion And Worship - II","Niyi Adetiloye – Revelation, Communion And Worship - II",Niyi Adetiloye,26.03.2026 15:24:10 UTC+01:00,1:33:38,85.7 MB,https://t.me/WeAreTDCI/5724
5725,Doctrine - Apostolic Traditions,Niyi Adetiloye – Doctrine - Apostolic Traditions,Niyi Adetiloye,26.03.2026 15:30:19 UTC+01:00,55:00,50.3 MB,https://t.me/WeAreTDCI/5725
5726,The Lost Arts Of Prayer,Niyi Adetiloye – The Lost Arts Of Prayer,Niyi Adetiloye,26.03.2026 15:58:12 UTC+01:00,1:25:56,77.0 MB,https://t.me/WeAreTDCI/5726
5743,"The Kingdom, Power And Glory - I","Niyi Adetiloye – The Kingdom, Power And Glory - I",Niyi Adetiloye,04.04.2026 16:06:37 UTC+01:00,41:23,37.8 MB,https://t.me/WeAreTDCI/5743
5744,"The Kingdom, Power And Glory - II","Niyi Adetiloye – The Kingdom, Power And Glory - II",Niyi Adetiloye,04.04.2026 16:07:00 UTC+01:00,1:24:57,77.7 MB,https://t.me/WeAreTDCI/5744
5753,Prayer Charge on Intensity,Niyi Adetiloye – Prayer Charge on Intensity,Niyi Adetiloye,06.04.2026 17:55:57 UTC+01:00,2:02:43,112.3 MB,https://t.me/WeAreTDCI/5753
5754,Excerpts On Prayer Meeting From Rev. Finney,Niyi Adetiloye – Excerpts On Prayer Meeting From Rev. Finney,Niyi Adetiloye,06.04.2026 17:56:08 UTC+01:00,32:09,29.4 MB,https://t.me/WeAreTDCI/5754
5755,Theme Exposition - I,Niyi Adetiloye – Theme Exposition - I,Niyi Adetiloye,06.04.2026 17:56:21 UTC+01:00,1:42:57,94.2 MB,https://t.me/WeAreTDCI/5755
5756,Theme Exposition - II,Niyi Adetiloye – Theme Exposition - II,Niyi Adetiloye,06.04.2026 17:56:34 UTC+01:00,1:26:06,78.8 MB,https://t.me/WeAreTDCI/5756
5757,A Lamb for Every Man - I,Niyi Adetiloye – A Lamb for Every Man - I,Niyi Adetiloye,06.04.2026 17:56:49 UTC+01:00,1:35:19,87.2 MB,https://t.me/WeAreTDCI/5757
5758,A Lamb for Every Man - II,Niyi Adetiloye – A Lamb for Every Man - II,Niyi Adetiloye,06.04.2026 17:56:59 UTC+01:00,1:02:40,57.3 MB,https://t.me/WeAreTDCI/5758
5759,Deliverance Prayers,Niyi Adetiloye – Deliverance Prayers,Niyi Adetiloye,06.04.2026 17:57:07 UTC+01:00,54:31,49.9 MB,https://t.me/WeAreTDCI/5759
5760,The Law of Burnt Offering,Pastor Raphael Onilenla – The Law of Burnt Offering,Raphael Onilenla,06.04.2026 17:57:20 UTC+01:00,1:22:00,75.0 MB,https://t.me/WeAreTDCI/5760
5761,Not Without A Witness - I,Niyi Adetiloye – Not Without A Witness - I,Niyi Adetiloye,06.04.2026 17:57:34 UTC+01:00,1:33:52,85.9 MB,https://t.me/WeAreTDCI/5761
5762,Not Without A Witness - II,Niyi Adetiloye – Not Without A Witness - II,Niyi Adetiloye,06.04.2026 17:57:44 UTC+01:00,54:17,49.7 MB,https://t.me/WeAreTDCI/5762
5763,Prayer For A Perceptive Heart,Niyi Adetiloye – Prayer For A Perceptive Heart,Niyi Adetiloye,06.04.2026 17:57:57 UTC+01:00,1:31:30,83.7 MB,https://t.me/WeAreTDCI/5763
5764,Arise & Shine,Niyi Adetiloye – Arise & Shine,Niyi Adetiloye,06.04.2026 17:58:19 UTC+01:00,2:21:12,129.2 MB,https://t.me/WeAreTDCI/5764
5765,Tetelestai - I,Niyi Adetiloye – Tetelestai - I,Niyi Adetiloye,06.04.2026 17:58:34 UTC+01:00,1:32:29,84.6 MB,https://t.me/WeAreTDCI/5765
5766,Tetelestai - II,Niyi Adetiloye – Tetelestai - II,Niyi Adetiloye,06.04.2026 17:58:47 UTC+01:00,1:18:58,72.3 MB,https://t.me/WeAreTDCI/5766
5767,The Resurrected Life,Niyi Adetiloye – The Resurrected Life,Niyi Adetiloye,06.04.2026 17:59:00 UTC+01:00,1:25:50,78.5 MB,https://t.me/WeAreTDCI/5767
5768,Plumbline And Decrees,Niyi Adetiloye – Plumbline And Decrees,Niyi Adetiloye,07.04.2026 14:46:09 UTC+01:00,2:05:44,124.2 MB,https://t.me/WeAreTDCI/5768
5775,The Sacredness Of Prayer,Pastor Raphael Onilenla – The Sacredness Of Prayer,Raphael Onilenla,22.04.2026 14:24:40 UTC+01:00,1:06:16,60.6 MB,https://t.me/WeAreTDCI/5775
5776,Soul Lab,Niyi Adetiloye – Soul Lab,Niyi Adetiloye,22.04.2026 14:26:35 UTC+01:00,1:00:04,54.9 MB,https://t.me/WeAreTDCI/5776
5777,The Potter - I,Niyi Adetiloye – The Potter - I,Niyi Adetiloye,22.04.2026 14:29:14 UTC+01:00,1:03:08,57.8 MB,https://t.me/WeAreTDCI/5777
5782,Practical Christianity,Niyi Adetiloye – Practical Christianity,Niyi Adetiloye,28.04.2026 13:39:57 UTC+01:00,1:47:41,98.5 MB,https://t.me/WeAreTDCI/5782
5783,The Potter - II,Niyi Adetiloye – The Potter - II,Niyi Adetiloye,28.04.2026 14:51:51 UTC+01:00,1:01:18,56.1 MB,https://t.me/WeAreTDCI/5783
5789,An Offered Life,Niyi Adetiloye – An Offered Life,Niyi Adetiloye,04.05.2026 10:44:00 UTC+01:00,1:13:43,67.5 MB,https://t.me/WeAreTDCI/5789
5790,Labour To Enter,Niyi Adetiloye – Labour To Enter,Niyi Adetiloye,04.05.2026 11:08:26 UTC+01:00,1:11:57,65.8 MB,https://t.me/WeAreTDCI/5790
5794,Labour To Enter - II,Niyi Adetiloye – Labour To Enter - II,Niyi Adetiloye,07.05.2026 08:55:00 UTC+01:00,1:27:23,80.0 MB,https://t.me/WeAreTDCI/5794
5801,Thy Word Is A Lamp.mp3,Thy Word Is A Lamp.mp3,Pastor Niyi Adetiloye,12.05.2026 11:35:10 UTC+01:00,2:49:10,154.8 MB,https://t.me/WeAreTDCI/5801
5803,THE FALL OF JERICHO - I,Niyi Adetiloye – THE FALL OF JERICHO - I,Niyi Adetiloye,12.05.2026 14:10:35 UTC+01:00,1:04:31,59.0 MB,https://t.me/WeAreTDCI/5803
5804,THE FALL OF JERICHO - II,Niyi Adetiloye – THE FALL OF JERICHO - II,Niyi Adetiloye,12.05.2026 14:14:15 UTC+01:00,1:36:31,132.5 MB,https://t.me/WeAreTDCI/5804
5806,Fire Of The Altar,Pastor Raphael Onilenla – Fire Of The Altar,Raphael Onilenla,13.05.2026 16:24:58 UTC+01:00,1:33:32,90.9 MB,https://t.me/WeAreTDCI/5806
5807,Prayer Exhortation,Pastor Busayo Oluwadunsin – Prayer Exhortation,Busayo Oluwadunsin,13.05.2026 16:25:36 UTC+01:00,1:12:20,71.6 MB,https://t.me/WeAreTDCI/5807
5809,Burden Bearers,Niyi Adetiloye – Burden Bearers,Niyi Adetiloye,13.05.2026 16:41:27 UTC+01:00,2:42:33,148.8 MB,https://t.me/WeAreTDCI/5809
5810,What It Means To Serve God,Pastor Busayo Oluwadunsin – What It Means To Serve God,Busayo Oluwadunsin,13.05.2026 17:14:10 UTC+01:00,1:27:40,80.2 MB,https://t.me/WeAreTDCI/5810
5814,Secular Platforms For Disciple Making.MP3,Secular Platforms For Disciple Making.MP3,Pastor Niyi Adetiloye,14.05.2026 10:04:17 UTC+01:00,1:12:57,66.8 MB,https://t.me/WeAreTDCI/5814
5817,An Offered Life - II,Niyi Adetiloye – An Offered Life - II,Niyi Adetiloye,19.05.2026 13:42:58 UTC+01:00,1:16:02,69.6 MB,https://t.me/WeAreTDCI/5817
5835,Secular Platforms For Disciple Making - II,Niyi Adetiloye – Secular Platforms For Disciple Making - II,Niyi Adetiloye,02.06.2026 10:33:32 UTC+01:00,1:24:32,77.3 MB,https://t.me/WeAreTDCI/5835
5836,Living For Jesus,Niyi Adetiloye – Living For Jesus,Niyi Adetiloye,02.06.2026 10:56:47 UTC+01:00,1:42:44,94.0 MB,https://t.me/WeAreTDCI/5836
5837,Covert Evangelism On Secular Platforms,Niyi Adetiloye – Covert Evangelism On Secular Platforms,Niyi Adetiloye,02.06.2026 11:26:27 UTC+01:00,52:08,47.7 MB,https://t.me/WeAreTDCI/5837
5838,Serving God With Your Gift,Pastor Busayo Oluwadunsin – Serving God With Your Gift,Busayo Oluwadunsin,02.06.2026 11:39:23 UTC+01:00,47:12,43.2 MB,https://t.me/WeAreTDCI/5838
5842,Covert Evangelism On Secular Platforms - II,Niyi Adetiloye – Covert Evangelism On Secular Platforms - II,Niyi Adetiloye,04.06.2026 12:24:39 UTC+01:00,1:17:52,71.3 MB,https://t.me/WeAreTDCI/5842
5849,When Jesus Is Passing By,Niyi Adetiloye – When Jesus Is Passing By,Niyi Adetiloye,07.06.2026 20:31:14 UTC+01:00,1:47:38,98.5 MB,https://t.me/WeAreTDCI/5849
5853,Indices Of Growth,Niyi Adetiloye – Indices Of Growth,Niyi Adetiloye,11.06.2026 12:09:53 UTC+01:00,1:21:30,74.6 MB,https://t.me/WeAreTDCI/5853
5856,Knowing God,Niyi Adetiloye – Knowing God,Niyi Adetiloye,14.06.2026 19:47:54 UTC+01:00,51:38,47.2 MB,https://t.me/WeAreTDCI/5856
5865,Indices Of Growth - II,Niyi Adetiloye – Indices Of Growth - II,Niyi Adetiloye,29.06.2026 17:14:09 UTC+01:00,43:56,40.2 MB,https://t.me/WeAreTDCI/5865
5866,Diet For Spiritual Growth,Niyi Adetiloye – Diet For Spiritual Growth,Niyi Adetiloye,29.06.2026 17:20:40 UTC+01:00,1:18:32,71.9 MB,https://t.me/WeAreTDCI/5866
5867,Business And Career Sunday,Niyi Adetiloye – Business And Career Sunday,Niyi Adetiloye,29.06.2026 17:27:54 UTC+01:00,1:23:47,76.7 MB,https://t.me/WeAreTDCI/5867
5870,Diet For Spiritual Growth - II,Niyi Adetiloye – Diet For Spiritual Growth - II,Niyi Adetiloye,02.07.2026 02:20:58 UTC+01:00,1:09:00,63.1 MB,https://t.me/WeAreTDCI/5870
5887,July Thanksgiving Service,Niyi Adetiloye – July Thanksgiving Service,Niyi Adetiloye,22.07.2026 15:50:51 UTC+01:00,1:16:30,70.0 MB,https://t.me/WeAreTDCI/5887
5889,Kingdom Power And Authority,Niyi Adetiloye – Kingdom Power And Authority,Niyi Adetiloye,22.07.2026 16:39:25 UTC+01:00,1:04:29,59.0 MB,https://t.me/WeAreTDCI/5889
5893,Kingdom Power And Authority - II,Niyi Adetiloye – Kingdom Power And Authority - II,Niyi Adetiloye,23.07.2026 15:55:34 UTC+01:00,1:17:20,70.8 MB,https://t.me/WeAreTDCI/5893
5894,Exercising The Name of Jesus,Niyi Adetiloye – Exercising The Name of Jesus,Niyi Adetiloye,23.07.2026 16:10:26 UTC+01:00,1:16:54,70.4 MB,https://t.me/WeAreTDCI/5894
5901,Exercising The Name of Jesus - II,Niyi Adetiloye – Exercising The Name of Jesus - II,Niyi Adetiloye,03.08.2026 16:32:30 UTC+01:00,1:27:36,80.2 MB,https://t.me/WeAreTDCI/5901
5902,The Knowledge of God,Niyi Adetiloye – The Knowledge of God,Niyi Adetiloye,03.08.2026 16:32:53 UTC+01:00,1:16:16,69.8 MB,https://t.me/WeAreTDCI/5902
5905,The Spirit of Supplication and The Spirit of Revelation,Niyi Adetiloye – The Spirit of Supplication and The Spirit of Revelation,Niyi Adetiloye,07.08.2026 12:35:17 UTC+01:00,1:32:05,84.3 MB,https://t.me/WeAreTDCI/5905
5909,I.mp3,Blessed in Christ - I.mp3,Blessed in Christ,10.08.2026 18:24:40 UTC+01:00,1:08:49,63.0 MB,https://t.me/WeAreTDCI/5909
5910,Blessed in Christ - II,Niyi Adetiloye – Blessed in Christ - II,Niyi Adetiloye,10.08.2026 18:24:50 UTC+01:00,1:01:02,55.8 MB,https://t.me/WeAreTDCI/5910
5912,Crossing Jordan - Day 1,Niyi Adetiloye – Crossing Jordan - Day 1,Niyi Adetiloye,10.08.2026 18:42:10 UTC+01:00,37:09,40.4 MB,https://t.me/WeAreTDCI/5912
5915,Crossing Jordan - Day 2,Niyi Adetiloye – Crossing Jordan - Day 2,Niyi Adetiloye,11.08.2026 18:47:39 UTC+01:00,35:19,37.5 MB,https://t.me/WeAreTDCI/5915
5940,Crossing Jordan - Day 9,Niyi Adetiloye – Crossing Jordan - Day 9,Niyi Adetiloye,18.08.2026 21:16:13 UTC+01:00,36:43,40.7 MB,https://t.me/WeAreTDCI/5940
5969,Crossing Jordan - Day 23,Niyi Adetiloye – Crossing Jordan - Day 23,Niyi Adetiloye,01.09.2026 18:39:28 UTC+01:00,05:48,6.4 MB,https://t.me/WeAreTDCI/5969
5985,The Master And His Minister - I,Niyi Adetiloye – The Master And His Minister - I,Niyi Adetiloye,08.09.2026 10:45:34 UTC+01:00,1:17:54,71.3 MB,https://t.me/WeAreTDCI/5985
5986,The Master And His Minister - II,Niyi Adetiloye – The Master And His Minister - II,Niyi Adetiloye,08.09.2026 10:46:41 UTC+01:00,1:14:39,68.3 MB,https://t.me/WeAreTDCI/5986
5987,The Five Molding Fingers of Christ,Pastor Raphael Onilenla – The Five Molding Fingers of Christ,Raphael Onilenla,08.09.2026 10:47:49 UTC+01:00,1:07:26,61.7 MB,https://t.me/WeAreTDCI/5987
5991,The Multiplier Factor - I,Niyi Adetiloye – The Multiplier Factor - I,Niyi Adetiloye,08.09.2026 18:03:47 UTC+01:00,1:12:40,66.5 MB,https://t.me/WeAreTDCI/5991
5993,Crossing Jordan - Day 30,Nyi Adetiloye – Crossing Jordan - Day 30,Nyi Adetiloye,08.09.2026 18:59:52 UTC+01:00,42:46,46.6 MB,https://t.me/WeAreTDCI/5993
5994,The Multiplier Factor - II,Niyi Adetiloye – The Multiplier Factor - II,Niyi Adetiloye,09.09.2026 08:47:20 UTC+01:00,1:24:26,77.3 MB,https://t.me/WeAreTDCI/5994
5996,The Christian Approach to Personal Finance,Niyi Adetiloye – The Christian Approach to Personal Finance,Niyi Adetiloye,09.09.2026 09:16:43 UTC+01:00,1:10:59,76.6 MB,https://t.me/WeAreTDCI/5996
6004,"The Bible on Work, Money and Prosperity.MP3","The Bible on Work, Money and Prosperity.MP3",Pastor Niyi Adetiloye,14.09.2026 16:10:34 UTC+01:00,1:53:11,103.6 MB,https://t.me/WeAreTDCI/6004
6006,Thanksgiving & Miracle Service,Niyi Adetiloye – Thanksgiving & Miracle Service,Niyi Adetiloye,14.09.2026 16:14:59 UTC+01:00,1:10:52,64.8 MB,https://t.me/WeAreTDCI/6006
6007,Principles of Increase,Niyi Adetiloye – Principles of Increase,Niyi Adetiloye,14.09.2026 16:15:13 UTC+01:00,1:23:31,76.4 MB,https://t.me/WeAreTDCI/6007
